-- Adminer 4.3.1 MySQL dump

SET NAMES utf8;
SET time_zone = '+00:00';
SET foreign_key_checks = 0;
SET sql_mode = 'NO_AUTO_VALUE_ON_ZERO';

-- CREATE DATABASE `agencyth_liveprod` /*!40100 DEFAULT CHARACTER SET latin1 */;
USE `agency_thrive_db`;

DROP TABLE IF EXISTS `tbl_account_setup`;
CREATE TABLE `tbl_account_setup` (
  `id` int(11) NOT NULL AUTO_INCREMENT COMMENT 'Account ID mapped to all tables',
  `first_name` varchar(45) NOT NULL,
  `last_name` varchar(45) NOT NULL,
  `email` varchar(75) NOT NULL,
  `agency_name` varchar(75) NOT NULL,
  `logo` text,
  `timezone` varchar(145) NOT NULL,
  `password` varchar(255) NOT NULL,
  `created_at` timestamp NOT NULL DEFAULT CURRENT_TIMESTAMP ON UPDATE CURRENT_TIMESTAMP,
  `updated_at` timestamp NULL DEFAULT NULL,
  `smtp_server` varchar(255) DEFAULT NULL,
  `smtp_username` varchar(45) DEFAULT NULL,
  `smtp_password` varchar(255) DEFAULT NULL,
  `smtp_port` varchar(12) DEFAULT NULL,
  `smtp_type` varchar(45) DEFAULT NULL,
  `apointment_locations` text,
  `staff` text,
  `colour_scheme_id` int(11) NOT NULL DEFAULT '1',
  `is_activated` tinyint(4) DEFAULT '0',
  `is_Auto_checked` tinyint(4) DEFAULT '1' COMMENT 'Check: tbl_policy_type',
  `is_Home_checked` tinyint(4) DEFAULT '1' COMMENT 'Check: tbl_policy_type',
  `is_Life_checked` tinyint(4) DEFAULT '1',
  `is_Personal_Liability_checked` tinyint(4) DEFAULT '1',
  `is_Disability_checked` tinyint(4) DEFAULT '1',
  `is_Health_checked` tinyint(4) DEFAULT '1',
  `is_Other_checked` tinyint(4) DEFAULT '1',
  `is_Commercial_checked` tinyint(4) DEFAULT '1',
  `office_phone_number` varchar(254) DEFAULT NULL,
  PRIMARY KEY (`id`)
) ENGINE=InnoDB DEFAULT CHARSET=latin1;

INSERT INTO `tbl_account_setup` (`id`, `first_name`, `last_name`, `email`, `agency_name`, `logo`, `timezone`, `password`, `created_at`, `updated_at`, `smtp_server`, `smtp_username`, `smtp_password`, `smtp_port`, `smtp_type`, `apointment_locations`, `staff`, `colour_scheme_id`, `is_activated`, `is_Auto_checked`, `is_Home_checked`, `is_Life_checked`, `is_Personal_Liability_checked`, `is_Disability_checked`, `is_Health_checked`, `is_Other_checked`, `is_Commercial_checked`, `office_phone_number`) VALUES
(1,	'Jim',	'Campbell',	'jim.campbell@engagex.com',	'Engagex',	'44ef88644abce0724197c01e8bc7b096.png',	'America/Denver',	'6816647019a8c6fc894258b1a74b692b',	'2017-09-15 14:06:20',	NULL,	'smtp.gmail.com',	'jovenbarola@gmail.com',	'imhappyprogrammer',	'587',	'system',	'New York,New Jersey,California,Utah',	'Ronnie, Leslie, Randy, Oscar, Jimmy',	5,	1,	1,	1,	0,	0,	0,	0,	0,	0,	'123456789'),
(3,	'',	'',	'jovenbarola@gmail.com',	'Joven Agency',	NULL,	'',	'c92144f2bfc3a21cccf369fbc744a473',	'2017-09-08 18:54:46',	NULL,	NULL,	NULL,	NULL,	NULL,	NULL,	NULL,	NULL,	1,	1,	1,	1,	1,	1,	1,	1,	1,	1,	NULL),
(5,	'',	'',	'joven.barola@engagex.com',	'Engagex',	NULL,	'',	'c92144f2bfc3a21cccf369fbc744a473',	'2017-09-12 19:08:20',	NULL,	NULL,	NULL,	NULL,	NULL,	NULL,	NULL,	NULL,	1,	1,	1,	1,	1,	1,	1,	1,	1,	1,	NULL),
(7,	'Jim',	'Campbell',	'campbell10@gmail.com',	'Campbell Farmers Insurance of Price',	'930872bb1577d9f21e24f49730027322.jpg',	'America/Denver',	'784348b8d7b533405ce193c3c493de44',	'2017-09-20 20:42:36',	NULL,	'smtp.gmail.com',	'campbell10@gmail.com',	'1Jupiterpepsi',	'587',	'gmail',	NULL,	NULL,	1,	1,	1,	1,	1,	1,	1,	1,	1,	1,	'435-299-9827'),
(8,	'',	'',	'nathan.leathers.engagex@gmail.com',	'Leathers Homestead',	'8da993a0bdf7c732b61365675a140758.jpg',	'',	'5ebd2c4e782da47bfc85d6c3bf52e60a',	'2017-09-20 21:46:07',	NULL,	'smtp.gmail.com',	'nathan.leathers.engagex@gmail.com',	'MyNewF@rm1',	'587',	'gmail',	'the ranch,field,water hole',	'bob,billy bob,bobby',	5,	1,	1,	1,	1,	1,	1,	0,	1,	0,	NULL),
(9,	'',	'',	'jim.campbell+1@engagex.com',	'Engagex',	NULL,	'',	'c92144f2bfc3a21cccf369fbc744a473',	'2017-09-20 22:01:38',	NULL,	NULL,	NULL,	NULL,	NULL,	NULL,	NULL,	NULL,	1,	0,	1,	1,	1,	1,	1,	1,	1,	1,	NULL),
(10,	'',	'',	'joven.barola+1@engagex.com',	'Engagex',	NULL,	'',	'c92144f2bfc3a21cccf369fbc744a473',	'2017-09-20 22:01:50',	NULL,	NULL,	NULL,	NULL,	NULL,	NULL,	NULL,	NULL,	1,	0,	1,	1,	1,	1,	1,	1,	1,	1,	NULL),
(11,	'Joven',	'Barola',	'barolajoven@gmail.com',	'Engagex',	NULL,	'Pacific/Honolulu',	'c92144f2bfc3a21cccf369fbc744a473',	'2017-09-20 23:00:36',	NULL,	NULL,	NULL,	NULL,	NULL,	NULL,	'New York, San francisco, Portland, Toronto',	'Tr, Don, Mich, Wel, Roger, Alpy',	1,	1,	1,	1,	1,	1,	1,	1,	1,	1,	'111111111111111111111'),
(12,	'',	'',	'nathan.leather@engagex.com',	'Engagex',	NULL,	'',	'c92144f2bfc3a21cccf369fbc744a473',	'2017-09-21 13:20:17',	NULL,	NULL,	NULL,	NULL,	NULL,	NULL,	NULL,	NULL,	1,	1,	1,	1,	1,	1,	1,	1,	1,	1,	NULL),
(13,	'Carter',	'Buck',	'carter.buck@engagex.com',	'Carter Buck Insurance',	'ab9ac26baf30ff5261a75f7b84d44f37.jpg',	'America/Denver',	'c92144f2bfc3a21cccf369fbc744a473',	'2017-09-24 04:20:11',	NULL,	'smtp.gmail.com',	'agentchetbuick@gmail.com',	'Erin2825',	'587',	'gmail',	'University Avenue Office,State Street Office,Client\'s Home',	'Carter,Nathan,Alicia,Laurel',	1,	1,	1,	0,	1,	0,	0,	0,	1,	0,	'(702) 683-8487'),
(14,	'Troy',	'Kunz',	'troy.kunz@engagex.com',	'Rock Chalk KU',	'5dd8fb1cb18d42a8bb3f01dba36c1baa.png',	'America/Denver',	'c92144f2bfc3a21cccf369fbc744a473',	'2017-09-21 15:30:10',	NULL,	NULL,	NULL,	NULL,	NULL,	NULL,	'Home Office, Phone, Corporate Office',	'Emily, Adri, Kaden, Mason',	5,	1,	1,	1,	1,	1,	1,	1,	1,	1,	'8013198115'),
(15,	'Mitchell',	'Hill',	'mitchell.hill@engagex.com',	'Mitch Hill Insurance',	NULL,	'America/Denver',	'900ee6ff6e7aeac9b9fb291d1822e38d',	'2017-09-21 15:43:04',	NULL,	NULL,	NULL,	NULL,	NULL,	NULL,	'Home,Phone,Office',	'Mitch,Dustin',	1,	1,	1,	1,	1,	1,	0,	0,	1,	0,	'509-855-3945'),
(16,	'Nathan',	'Leathers',	'themightyhunter@yahoo.com',	'Nathan Leathers',	'2946ae4ffa6b1464957d66f1828021e4.png',	'America/Denver',	'5ebd2c4e782da47bfc85d6c3bf52e60a',	'2017-09-21 15:41:04',	NULL,	'smtp.gmail.com',	'nathan.leathers.engagex@gmail.com',	'MyNewF@rm1',	'587',	'gmail',	'office,phone,home,ihop',	'Carter,Troy,Mitch,Jim,Nathan',	1,	1,	1,	1,	1,	1,	0,	0,	1,	0,	'8019193100');

DROP TABLE IF EXISTS `tbl_account_setup_policy`;
CREATE TABLE `tbl_account_setup_policy` (
  `id` int(11) NOT NULL AUTO_INCREMENT,
  `policy_parent_label` varchar(45) DEFAULT NULL,
  `policy_child_label` varchar(45) DEFAULT NULL,
  `policy_child_questions` text,
  `policy_child_values` mediumtext,
  `is_child_checked` tinyint(4) DEFAULT '0',
  `account_id` int(11) NOT NULL,
  `order_id` int(11) NOT NULL,
  PRIMARY KEY (`id`),
  KEY `IX_policy_parent` (`policy_parent_label`(1))
) ENGINE=InnoDB DEFAULT CHARSET=latin1;

INSERT INTO `tbl_account_setup_policy` (`id`, `policy_parent_label`, `policy_child_label`, `policy_child_questions`, `policy_child_values`, `is_child_checked`, `account_id`, `order_id`) VALUES
(718,	'Commercial',	'',	'',	'',	1,	1,	1),
(724,	'Health',	'',	'',	'',	1,	1,	2),
(727,	'Disability',	'',	'',	'',	1,	1,	3),
(730,	'Personal_Liability',	'',	'',	'',	1,	1,	4),
(759,	'Life',	'Life 1',	'Life 1',	'A,B,C,D',	1,	1,	5),
(760,	'Life',	'Life 3',	'Life 3',	'L1,L2,L3,L4',	1,	1,	6),
(779,	'Other',	'Pet Insurance',	'Pet Insurance',	'',	1,	1,	7),
(780,	'Other',	'Beauty stuff',	'Beauty stuff',	'',	1,	1,	8),
(850,	'Auto',	'Liability',	'Liability',	'25/50,40/80,50/100,100/300,250/50',	1,	1,	12),
(851,	'Auto',	'Uninsured Motorist',	'Uninsured Motorist',	'25/50,40/80,50/100,100/300,250/500',	1,	1,	13),
(852,	'Auto',	'Medical',	'Medical',	'A1,A2,A3,A4,A5',	1,	1,	14),
(853,	'Auto',	'Comprehensive/Collision',	'Comprehensive/Collision',	'B1,B2,B3,B4,B5',	1,	1,	15),
(854,	'Auto',	'Roadside/Tow',	'Roadside/Tow',	'Test1,Test2,Test3,Test4',	1,	1,	16),
(855,	'Auto',	'Year',	'Year',	'null',	1,	1,	9),
(856,	'Auto',	'Make',	'Make',	'null',	1,	1,	10),
(857,	'Auto',	'Model',	'Model',	'null',	1,	1,	11),
(858,	'Home',	'Type',	'Type',	'Residential, Commercial ',	1,	1,	17),
(859,	'Home',	'Separate Structures',	'Separate Structures',	'out house, barn, shed',	1,	1,	18),
(860,	'Home',	'Contents',	'Contents',	'couch, fridge, microwave',	1,	1,	19),
(861,	'Home',	'Additional Living',	'Additional Living',	'',	1,	1,	20),
(862,	'Home',	'Liability',	'Liability',	'',	1,	1,	21),
(863,	'Home',	'Test1',	'Test1',	'A,B,C,D',	1,	1,	22),
(864,	'Home',	'Test2',	'Test2',	'A,B,C,D',	1,	1,	23),
(865,	'Home',	'Test3',	'Test3',	'A,B,C,D',	1,	1,	24),
(866,	'Auto',	'Year',	'Year',	NULL,	1,	7,	0),
(867,	'Auto',	'Make',	'Make',	NULL,	1,	7,	0),
(868,	'Auto',	'Model',	'Model',	NULL,	1,	7,	0),
(1097,	'Commercial',	'',	'',	'',	1,	8,	0),
(1103,	'Health',	'',	'',	'',	1,	8,	0),
(1206,	'Home',	'',	'',	'',	1,	8,	0),
(1207,	'Home',	'',	'',	'',	1,	8,	0),
(1223,	'Auto',	'Year',	'Year',	'null',	0,	8,	0),
(1224,	'Auto',	'Make',	'Make',	'null',	0,	8,	0),
(1225,	'Auto',	'Model',	'Model',	'null',	0,	8,	0),
(1226,	'Auto',	'Liability',	'Liability',	'25/100,50/150,100/300',	0,	8,	0),
(1227,	'Auto',	'Windshield',	'Windshield',	'',	1,	8,	0),
(1236,	'Home',	'Type',	'Type',	NULL,	1,	11,	9),
(1237,	'Home',	' Coverage',	' Coverage',	NULL,	1,	11,	10),
(1238,	'Home',	'Sep Structures',	'Sep Structures',	NULL,	1,	11,	11),
(1239,	'Home',	'Contents',	'Contents',	NULL,	1,	11,	12),
(1240,	'Home',	'Additional Living',	'Additional Living',	NULL,	1,	11,	13),
(1241,	'Home',	'Liability',	'Liability',	NULL,	1,	11,	14),
(1242,	'Home',	'Guest Med',	'Guest Med',	NULL,	1,	11,	15),
(1299,	'Auto',	'Year',	'Year',	'null',	1,	11,	0),
(1300,	'Auto',	'Make',	'Make',	'null',	1,	11,	0),
(1301,	'Auto',	'Model',	'Model',	'null',	1,	11,	1),
(1302,	'Auto',	'Liability',	'Liability',	'No,Yes',	1,	11,	0),
(1303,	'Auto',	'Uninsured Motorist',	'Uninsured Motorist',	'Yes, No',	1,	11,	0),
(1304,	'Auto',	'Medical',	'Medical',	'null',	1,	11,	0),
(1305,	'Auto',	'Comp/Collision',	'Comp/Collision',	'null',	1,	11,	0),
(1306,	'Auto',	'Roadside/Tow',	'Roadside/Tow',	'null',	1,	11,	0),
(1310,	'Auto',	'Year',	'Year',	NULL,	1,	12,	1),
(1311,	'Auto',	'Make',	'Make',	NULL,	1,	12,	2),
(1312,	'Auto',	'Model',	'Model',	NULL,	1,	12,	3),
(1313,	'Auto',	'Liability',	'Liability',	NULL,	1,	12,	4),
(1314,	'Auto',	'Uninsured Motorist',	'Uninsured Motorist',	NULL,	1,	12,	5),
(1315,	'Auto',	'Medical',	'Medical',	NULL,	1,	12,	6),
(1316,	'Auto',	'Comp/Collision',	'Comp/Collision',	NULL,	1,	12,	7),
(1317,	'Auto',	'Roadside/Tow',	'Roadside/Tow',	NULL,	1,	12,	8),
(1318,	'Home',	'Type',	'Type',	NULL,	1,	12,	9),
(1319,	'Home',	' Coverage',	' Coverage',	NULL,	1,	12,	10),
(1320,	'Home',	'Sep Structures',	'Sep Structures',	NULL,	1,	12,	11),
(1321,	'Home',	'Contents',	'Contents',	NULL,	1,	12,	12),
(1322,	'Home',	'Additional Living',	'Additional Living',	NULL,	1,	12,	13),
(1323,	'Home',	'Liability',	'Liability',	NULL,	1,	12,	14),
(1324,	'Home',	'Guest Med',	'Guest Med',	NULL,	1,	12,	15),
(1348,	'Home',	'Type',	'Type',	NULL,	1,	14,	9),
(1349,	'Home',	' Coverage',	' Coverage',	NULL,	1,	14,	10),
(1350,	'Home',	'Sep Structures',	'Sep Structures',	NULL,	1,	14,	11),
(1351,	'Home',	'Contents',	'Contents',	NULL,	1,	14,	12),
(1352,	'Home',	'Additional Living',	'Additional Living',	NULL,	1,	14,	13),
(1353,	'Home',	'Liability',	'Liability',	NULL,	1,	14,	14),
(1354,	'Home',	'Guest Med',	'Guest Med',	NULL,	1,	14,	15),
(1388,	'Life',	'Term',	'Term',	'',	1,	15,	1),
(1389,	'Life',	'Permanent',	'Permanent',	'',	1,	15,	0),
(1395,	'Personal_Liability',	'Umberella',	'Umberella',	'',	1,	15,	0),
(1419,	'Disability',	'',	'',	'',	0,	15,	0),
(1443,	'Health',	'',	'',	'',	0,	15,	0),
(1491,	'Commercial',	'',	'',	'',	0,	15,	0),
(1499,	'Home',	'Type',	'Type',	'null',	1,	15,	0),
(1500,	'Home',	'Coverage',	'Coverage',	'null',	1,	15,	0),
(1501,	'Home',	'Sep Structures',	'Sep Structures',	'null',	1,	15,	0),
(1502,	'Home',	'Contents',	'Contents',	'null',	1,	15,	0),
(1503,	'Home',	'Additional Living',	'Additional Living',	'null',	1,	15,	0),
(1504,	'Home',	'Liability',	'Liability',	'null',	1,	15,	0),
(1505,	'Home',	'Guest Med',	'Guest Med',	'null',	1,	15,	0),
(1530,	'Home',	'Type',	'Type',	NULL,	1,	16,	9),
(1531,	'Home',	' Coverage',	' Coverage',	NULL,	1,	16,	10),
(1532,	'Home',	'Sep Structures',	'Sep Structures',	NULL,	1,	16,	11),
(1533,	'Home',	'Contents',	'Contents',	NULL,	1,	16,	12),
(1534,	'Home',	'Additional Living',	'Additional Living',	NULL,	1,	16,	13),
(1535,	'Home',	'Liability',	'Liability',	NULL,	1,	16,	14),
(1536,	'Home',	'Guest Med',	'Guest Med',	NULL,	1,	16,	15),
(1737,	'Auto',	'Year',	'Year',	'null',	1,	16,	0),
(1738,	'Auto',	'Make',	'Make',	'null',	1,	16,	0),
(1739,	'Auto',	'Model',	'Model',	'null',	1,	16,	0),
(1740,	'Auto',	'Liability',	'Liability',	'25/75,50/100,100/300,250/500',	1,	16,	0),
(1741,	'Auto',	'Uninsured Motorist',	'Uninsured Motorist',	'null',	1,	16,	0),
(1742,	'Auto',	'Medical',	'Medical',	'null',	0,	16,	0),
(1743,	'Auto',	'Comp/Collision',	'Comp/Collision',	'null',	0,	16,	0),
(1744,	'Auto',	'Roadside/Tow',	'Roadside/Tow',	'null',	0,	16,	0),
(1753,	'Auto',	'Year',	'Year',	'null',	1,	15,	0),
(1754,	'Auto',	'Make',	'Make',	'null',	1,	15,	0),
(1755,	'Auto',	'Model',	'Model',	'null',	1,	15,	0),
(1756,	'Auto',	'Liability',	'Liability',	'25/75,50/100,100/300',	1,	15,	0),
(1757,	'Auto',	'Uninsured Motorist',	'Uninsured Motorist',	'50/100',	1,	15,	0),
(1758,	'Auto',	'Medical',	'Medical',	'null',	0,	15,	0),
(1759,	'Auto',	'Comp/Collision',	'Comp/Collision',	'null',	0,	15,	0),
(1760,	'Auto',	'Roadside/Tow',	'Roadside/Tow',	'null',	0,	15,	0),
(1785,	'Disability',	'',	'',	'',	1,	16,	0),
(1794,	'Health',	'',	'',	'',	1,	16,	0),
(1809,	'Commercial',	'',	'',	'',	1,	16,	0),
(1839,	'Other',	'Pet',	'Pet',	'',	1,	15,	0),
(1840,	'Other',	'Face',	'Face',	'',	1,	15,	0),
(1851,	'Other',	'Pet',	'Pet',	'',	1,	16,	0),
(1852,	'Other',	'Troy\'s cake',	'Troy\'s cake',	'',	1,	16,	0),
(1877,	'Auto',	'Year',	'Year',	'null',	1,	14,	0),
(1878,	'Auto',	'Make',	'Make',	'null',	1,	14,	0),
(1879,	'Auto',	'Medical',	'Medical',	'null',	1,	14,	0),
(1880,	'Auto',	'Liability',	'Liability',	'null',	1,	14,	0),
(1881,	'Auto',	'Uninsured Motorist',	'Uninsured Motorist',	'null',	1,	14,	0),
(1882,	'Auto',	'Model',	'Model',	'null',	1,	14,	0),
(1883,	'Auto',	'Comp/Collision',	'Comp/Collision',	'null',	1,	14,	0),
(1884,	'Auto',	'Roadside/Tow',	'Roadside/Tow',	'null',	1,	14,	0),
(2141,	'Health',	'',	'',	'',	1,	13,	0),
(2151,	'Commercial',	'',	'',	'',	1,	13,	0),
(2156,	'Disability',	'',	'',	'',	1,	13,	0),
(2275,	'Personal_Liability',	'',	'',	'',	1,	13,	0),
(2396,	'Home',	'Type',	'Type',	'null',	1,	13,	0),
(2397,	'Home',	' Coverage',	' Coverage',	'null',	1,	13,	0),
(2398,	'Home',	'Sep Structures',	'Sep Structures',	'null',	1,	13,	0),
(2399,	'Home',	'Contents',	'Contents',	'null',	1,	13,	0),
(2400,	'Home',	'Additional Living',	'Additional Living',	'null',	1,	13,	0),
(2401,	'Home',	'Liability',	'Liability',	'null',	1,	13,	0),
(2402,	'Home',	'Guest Med',	'Guest Med',	'null',	1,	13,	0),
(2491,	'Auto',	'Year',	'Year',	'null',	1,	13,	0),
(2492,	'Auto',	'Make',	'Make',	'null',	1,	13,	0),
(2493,	'Auto',	'Model',	'Model',	'null',	1,	13,	0),
(2494,	'Auto',	'Liability',	'Liability',	'None,$10000/$20000,$50000/$100000,$100000/$300000,$300000/$500000',	1,	13,	0),
(2495,	'Auto',	'Uninsured Motorist',	'Uninsured Motorist',	'None,$5000,$10000,$20000,$30000,$50000,$75000,$100000',	1,	13,	0),
(2496,	'Auto',	'Medical',	'Medical',	'None,$5000,$10000,$15000,$25000,$50000,$100000',	1,	13,	0),
(2497,	'Auto',	'Comp/Collision',	'Comp/Collision',	'None,$5000,$10000,$15000,$25000,$50000,$100000',	1,	13,	0),
(2498,	'Auto',	'Roadside/Tow',	'Roadside/Tow',	'Yes,No',	1,	13,	0),
(2501,	'Other',	'Umbrella',	'Umbrella',	'None,$500000,$1000000,$2000000',	1,	13,	0),
(2512,	'Life',	'Permanent ',	'Permanent ',	'None,$25000,$50000,$250000,$500000,$1000000',	1,	13,	0),
(2513,	'Life',	'Term',	'Term',	'None,$25000,$50000,$250000,$500000,$1000000',	1,	13,	0);

DROP TABLE IF EXISTS `tbl_action_item`;
CREATE TABLE `tbl_action_item` (
  `id` int(11) NOT NULL AUTO_INCREMENT,
  `customer_id` int(11) NOT NULL COMMENT 'FK: tbl_customer',
  `action_type_code` varchar(45) NOT NULL COMMENT 'FK: tbl_action_type',
  `owner` varchar(45) DEFAULT NULL COMMENT 'This is based on the selected staff (Account Setup)',
  `description` text,
  `ci_review_guid` varchar(255) DEFAULT NULL COMMENT 'FK: tbl_ci_review',
  `is_opportunity` tinyint(4) DEFAULT NULL,
  `is_completed` tinyint(4) DEFAULT '0' COMMENT ' Insurance Agent will mark this Action Item if completed',
  `created_date` date DEFAULT NULL,
  `due_date` date DEFAULT NULL,
  `account_id` int(11) NOT NULL,
  PRIMARY KEY (`id`)
) ENGINE=InnoDB DEFAULT CHARSET=latin1;

INSERT INTO `tbl_action_item` (`id`, `customer_id`, `action_type_code`, `owner`, `description`, `ci_review_guid`, `is_opportunity`, `is_completed`, `created_date`, `due_date`, `account_id`) VALUES
(1,	2,	'',	' Oscar',	'Engagex',	NULL,	1,	0,	'2017-07-27',	'2017-07-28',	1),
(6,	2,	'',	' Leslie',	'test',	NULL,	1,	1,	'2017-08-03',	'2017-08-03',	1),
(10,	62,	'Customer Contact Information',	'Ronnie',	'Get a',	NULL,	0,	1,	'2017-08-17',	'2017-08-23',	1),
(11,	62,	'Customer Contact Information',	'Ronnie',	'Work on letter a',	NULL,	0,	0,	'2017-08-17',	'2017-08-16',	1),
(12,	62,	'Customer Contact Information',	'--',	'Study letter a',	NULL,	0,	0,	'2017-08-17',	'2017-08-16',	1),
(13,	62,	'Customer Contact Information',	'--',	'Proceed to letter b',	NULL,	NULL,	0,	'2017-08-17',	'1969-12-31',	1),
(14,	2,	'Customer Contact Information',	'Ronnie',	'Information of my manager',	NULL,	1,	1,	'2017-08-17',	'1970-01-02',	1),
(15,	2,	'Customer Contact Information',	'Ronnie',	'Another test action item #1',	NULL,	1,	0,	'2017-08-17',	'1969-12-31',	1),
(16,	58,	'Customer Contact Information',	'--',	'Another test action item #2',	NULL,	NULL,	0,	'2017-08-17',	'1969-12-31',	1),
(17,	58,	'Customer Contact Information',	'--',	'Another test action item #3',	NULL,	NULL,	0,	'2017-08-17',	'1969-12-31',	1),
(18,	66,	'Current Coverages',	'Ronnie',	'Need to get this fixed',	NULL,	1,	1,	'2017-08-17',	'1969-12-31',	1),
(19,	62,	'',	'Ronnie',	'Test 1',	NULL,	0,	0,	'2017-08-21',	'2017-08-21',	1),
(20,	62,	'',	'Ronnie',	'Test 2',	NULL,	0,	0,	'2017-08-21',	'2017-08-21',	1),
(21,	62,	'',	'Ronnie',	'Test 3',	NULL,	0,	0,	'2017-08-21',	'2017-08-21',	1),
(22,	66,	'',	' Randy',	'This is only sample description',	NULL,	1,	1,	'2017-08-21',	'2017-08-21',	1),
(23,	74,	'Customer Contact Information',	'--',	'Take me to lunch',	NULL,	NULL,	0,	'2017-08-22',	'1969-12-31',	1),
(24,	76,	'Current Coverages',	'--',	'Home Agent Prep',	NULL,	NULL,	0,	'2017-08-25',	'1969-12-31',	1),
(25,	76,	'Customer Contact Information',	'--',	'Test Test',	NULL,	NULL,	0,	'2017-08-25',	'1969-12-31',	1),
(26,	77,	'Current Coverages',	'--',	'This is for sample only',	NULL,	NULL,	0,	'2017-09-08',	'1969-12-31',	1),
(27,	77,	'Customer Contact Information',	'--',	'Change the settings of this to that and change the remaining items to this to that etc etc',	NULL,	1,	1,	'2017-09-08',	'1969-12-31',	1),
(28,	77,	'Dependents',	'--',	'This is only sample action item Sept 5 2017',	NULL,	NULL,	0,	'2017-09-08',	'1969-12-31',	1),
(29,	66,	'',	'Ronnie',	'This is sampel',	NULL,	1,	0,	'2017-09-07',	'2017-09-07',	1),
(30,	77,	'Action Items',	'Ronnie',	'Another Action Item for CIR',	NULL,	1,	0,	'2017-09-08',	'1969-12-31',	1),
(31,	79,	'Dependents',	'--',	'You need to check insurance',	NULL,	NULL,	0,	'2017-09-10',	'1969-12-31',	1),
(32,	79,	'Secondary Contact Information',	'--',	'My second information in CIR',	NULL,	NULL,	0,	'2017-09-10',	'1969-12-31',	1),
(33,	68,	'Current Coverages - AutoNeeds Assessment',	'--',	'Call Daniel 16 daughter',	NULL,	NULL,	0,	'2017-09-12',	'1969-12-31',	1),
(34,	80,	'Dependents',	'--',	'Add rider to life policy',	NULL,	1,	0,	'2017-09-19',	'1969-12-31',	1),
(35,	80,	'Dependents',	'--',	'545654665',	NULL,	NULL,	0,	'2017-09-19',	'1969-12-31',	1),
(36,	0,	'',	'Ronnie',	'Build a fence',	NULL,	1,	0,	'2017-09-20',	'2017-09-20',	1),
(37,	0,	'',	' Oscar',	'buy trailer',	NULL,	1,	0,	'2017-09-20',	'2017-09-20',	1),
(38,	62,	'',	'Ronnie',	'test',	NULL,	0,	0,	'2017-09-20',	'2017-09-20',	1),
(39,	67,	'',	' Randy',	'test 2',	NULL,	0,	0,	'2017-09-20',	'2017-09-20',	1),
(40,	67,	'',	' Jimmy',	'Yep',	NULL,	1,	0,	'2017-09-20',	'2017-09-20',	1),
(41,	82,	'Current Coverages - AutoNeeds Assessment',	'Dustin',	'Get an Auto Policy',	NULL,	1,	0,	'2017-09-21',	'2017-09-14',	15),
(42,	84,	'Current Coverages',	'Jim',	'Car is about to be classic, discuss classic car insurance',	NULL,	0,	0,	'2017-09-21',	'1969-12-31',	16),
(43,	84,	'Current Coverages - AutoNeeds Assessment',	'Mitch',	'Provide a car quote',	NULL,	1,	0,	'2017-09-21',	'1969-12-31',	16),
(44,	0,	'',	'Mitch',	'Referred: Tom Jones - 324-543-3332 - Life',	NULL,	1,	0,	'2017-09-21',	'2017-09-21',	15),
(45,	84,	'',	'Nathan',	'aldkfjasdlfjkdas;',	NULL,	1,	0,	'2017-09-21',	'2017-09-21',	16),
(46,	81,	'',	' Don',	'test',	NULL,	1,	0,	'2017-09-22',	'2017-09-22',	11),
(47,	89,	'Customer Contact Information',	'Carter',	'Update File w/ New Phone Number',	NULL,	0,	1,	'2017-09-22',	'2017-10-25',	13),
(48,	89,	'Dependents',	'Nathan',	'Update File by Adding Scott Salazar as a Dependent',	NULL,	0,	0,	'2017-09-22',	'1969-12-31',	13),
(49,	89,	'Current Coverages - LifeNeeds Assessment',	'Alicia',	'Increase Life Policy to $1,500,000 in Coverage',	NULL,	1,	0,	'2017-09-22',	'1969-12-31',	13),
(50,	89,	'Current Coverages - OtherNeeds Assessment',	'Carter',	'Increase Umbrella to $2,000,000',	NULL,	1,	0,	'2017-09-22',	'2017-11-30',	13),
(51,	89,	'Concerns & QuestionsConcernsQuestions',	'Carter',	'Send Additional Information about RothIRA',	NULL,	0,	0,	'2017-09-22',	'1969-12-31',	13),
(52,	89,	'Concerns & QuestionsConcernsQuestions',	'Carter',	'Send a Copy of Current Policies to Joe',	NULL,	0,	0,	'2017-09-22',	'2017-12-28',	13);

DROP TABLE IF EXISTS `tbl_action_type`;
CREATE TABLE `tbl_action_type` (
  `action_type_code` varchar(45) NOT NULL COMMENT 'Values: Customer Contact, Dependents, Auto, Home, Concerns and Questions',
  `created_at` timestamp NOT NULL DEFAULT CURRENT_TIMESTAMP ON UPDATE CURRENT_TIMESTAMP,
  `account_id` int(11) NOT NULL,
  PRIMARY KEY (`action_type_code`),
  UNIQUE KEY `action_type_code_UNIQUE` (`action_type_code`)
) ENGINE=InnoDB DEFAULT CHARSET=latin1;


DROP TABLE IF EXISTS `tbl_activity_meta`;
CREATE TABLE `tbl_activity_meta` (
  `id` int(11) NOT NULL AUTO_INCREMENT,
  `customer_id` int(11) DEFAULT NULL,
  `meta_key` varchar(255) DEFAULT NULL COMMENT 'This store comma delimited data, to use for referencing on a Transaction',
  `meta_value` text COMMENT 'This store json data, or plain data',
  `account_id` int(11) DEFAULT NULL,
  PRIMARY KEY (`id`)
) ENGINE=InnoDB DEFAULT CHARSET=latin1;

INSERT INTO `tbl_activity_meta` (`id`, `customer_id`, `meta_key`, `meta_value`, `account_id`) VALUES
(22,	78,	'AP:Customer',	'[{\"id\":\"78\",\"primary_firstname\":\"Wayde\",\"primary_lastname\":\"Johnson\",\"primary_telno\":\"(123)-456-7899\",\"primary_cellphone\":\"(123)-456-7899\",\"primary_alt_telno\":\"\",\"primary_address\":null,\"primary_email\":\"jovenbarola@gmail.com\",\"primary_emergency_contact\":\"Meriam Johnson\",\"secondary_firstname\":\"\",\"secondary_lastname\":\"\",\"secondary_telno\":\"\",\"secondary_cellphone\":\"\",\"secondary_alt_telno\":\"\",\"secondary_address\":null,\"secondary_email\":\"\",\"secondary_emergency_contact\":\"\",\"created_at\":\"2017-09-08 17:29:08\",\"updated_at\":\"2017-09-09 10:58:18\",\"account_id\":\"1\"}]',	1),
(23,	78,	'AP:Dependent',	'[{\"id\":\"55\",\"customer_id\":\"78\",\"dependent_name\":\"Kenjie Johnson\",\"dependent_age\":\"4\",\"account_id\":\"1\"},{\"id\":\"56\",\"customer_id\":\"78\",\"dependent_name\":\"Kaylie Johnson\",\"dependent_age\":\"3\",\"account_id\":\"1\"},{\"id\":\"57\",\"customer_id\":\"78\",\"dependent_name\":\"Kobie Johnson\",\"dependent_age\":\"2\",\"account_id\":\"1\"}]',	1),
(24,	78,	'AP:CurrentCoverage',	'[{\"id\":\"195\",\"customer_id\":\"78\",\"policy_parent_code\":\"Auto\",\"policy_child_label\":\"Make\\/Model\",\"policy_child_selected\":\"Test2\",\"account_id\":\"1\",\"cir_answer\":\"\"},{\"id\":\"196\",\"customer_id\":\"78\",\"policy_parent_code\":\"Auto\",\"policy_child_label\":\"Liability\",\"policy_child_selected\":\"25\\/50\",\"account_id\":\"1\",\"cir_answer\":\"\"},{\"id\":\"197\",\"customer_id\":\"78\",\"policy_parent_code\":\"Auto\",\"policy_child_label\":\"Uninsured Motorist\",\"policy_child_selected\":\"25\\/50\",\"account_id\":\"1\",\"cir_answer\":\"\"},{\"id\":\"198\",\"customer_id\":\"78\",\"policy_parent_code\":\"Auto\",\"policy_child_label\":\"Medical\",\"policy_child_selected\":\"A1\",\"account_id\":\"1\",\"cir_answer\":\"\"},{\"id\":\"199\",\"customer_id\":\"78\",\"policy_parent_code\":\"Auto\",\"policy_child_label\":\"Comprehensive\\/Collision\",\"policy_child_selected\":\"B1\",\"account_id\":\"1\",\"cir_answer\":\"\"},{\"id\":\"200\",\"customer_id\":\"78\",\"policy_parent_code\":\"Auto\",\"policy_child_label\":\"Roadside\\/Tow\",\"policy_child_selected\":\"Test1\",\"account_id\":\"1\",\"cir_answer\":\"\"},{\"id\":\"201\",\"customer_id\":\"78\",\"policy_parent_code\":\"Home\",\"policy_child_label\":\"Type\",\"policy_child_selected\":\" Commercial \",\"account_id\":\"1\",\"cir_answer\":\"\"},{\"id\":\"202\",\"customer_id\":\"78\",\"policy_parent_code\":\"Home\",\"policy_child_label\":\"Separate Structures\",\"policy_child_selected\":\" barn\",\"account_id\":\"1\",\"cir_answer\":\"\"},{\"id\":\"203\",\"customer_id\":\"78\",\"policy_parent_code\":\"Home\",\"policy_child_label\":\"Contents\",\"policy_child_selected\":\"couch\",\"account_id\":\"1\",\"cir_answer\":\"\"},{\"id\":\"204\",\"customer_id\":\"78\",\"policy_parent_code\":\"Home\",\"policy_child_label\":\"Additional Living\",\"policy_child_selected\":\"\",\"account_id\":\"1\",\"cir_answer\":\"\"},{\"id\":\"205\",\"customer_id\":\"78\",\"policy_parent_code\":\"Home\",\"policy_child_label\":\"Test1\",\"policy_child_selected\":\"C\",\"account_id\":\"1\",\"cir_answer\":\"\"},{\"id\":\"206\",\"customer_id\":\"78\",\"policy_parent_code\":\"Home\",\"policy_child_label\":\"Test2\",\"policy_child_selected\":\"A\",\"account_id\":\"1\",\"cir_answer\":\"\"},{\"id\":\"207\",\"customer_id\":\"78\",\"policy_parent_code\":\"Home\",\"policy_child_label\":\"Test3\",\"policy_child_selected\":\"A\",\"account_id\":\"1\",\"cir_answer\":\"\"}]',	1),
(25,	78,	'AP:Appointment',	'[{\"id\":\"18\",\"customer_id\":\"78\",\"appointment_date\":\"2017-09-26\",\"appointment_time\":\"8:58am\",\"location\":\"New Jersey\",\"is_completed\":null,\"assessment_guid\":\"35f4a8d465e6e1edc05f3d8ab658c551\",\"account_id\":\"1\",\"created_at\":\"2017-09-08 17:31:07\"}]',	1),
(28,	78,	'NA:Customer',	'[{\"id\":\"78\",\"primary_firstname\":\"Wayde\",\"primary_lastname\":\"Johnson\",\"primary_telno\":\"(123)-456-7899\",\"primary_cellphone\":\"(123)-456-7899\",\"primary_alt_telno\":\"(123)-456-7899\",\"primary_address\":null,\"primary_email\":\"jovenbarola@gmail.com\",\"primary_emergency_contact\":\"Meriam Johnson\",\"secondary_firstname\":\"Claudia\",\"secondary_lastname\":\"Johnson\",\"secondary_telno\":\"(888)-888-8888\",\"secondary_cellphone\":\"(888)-888-8888\",\"secondary_alt_telno\":\"\",\"secondary_address\":null,\"secondary_email\":\"joven.barola@engagex.com\",\"secondary_emergency_contact\":\"\",\"created_at\":\"2017-09-08 17:29:08\",\"updated_at\":\"2017-09-09 11:12:14\",\"account_id\":\"1\"}]',	1),
(29,	78,	'NA:Dependent',	'[{\"id\":\"55\",\"customer_id\":\"78\",\"dependent_name\":\"Kenjie Johnson\",\"dependent_age\":\"4\",\"account_id\":\"1\"},{\"id\":\"56\",\"customer_id\":\"78\",\"dependent_name\":\"Kaylie Johnson\",\"dependent_age\":\"3\",\"account_id\":\"1\"},{\"id\":\"57\",\"customer_id\":\"78\",\"dependent_name\":\"Kobie Johnson\",\"dependent_age\":\"2\",\"account_id\":\"1\"},{\"id\":\"58\",\"customer_id\":\"78\",\"dependent_name\":\"No more dependents\",\"dependent_age\":\"8\",\"account_id\":\"1\"}]',	1),
(30,	78,	'NA:CurrentCoverage',	'[{\"id\":\"195\",\"customer_id\":\"78\",\"policy_parent_code\":\"Auto\",\"policy_child_label\":\"Make\\/Model\",\"policy_child_selected\":\"Test2\",\"account_id\":\"1\",\"cir_answer\":\"\"},{\"id\":\"196\",\"customer_id\":\"78\",\"policy_parent_code\":\"Auto\",\"policy_child_label\":\"Liability\",\"policy_child_selected\":\"25\\/50\",\"account_id\":\"1\",\"cir_answer\":\"\"},{\"id\":\"197\",\"customer_id\":\"78\",\"policy_parent_code\":\"Auto\",\"policy_child_label\":\"Uninsured Motorist\",\"policy_child_selected\":\"25\\/50\",\"account_id\":\"1\",\"cir_answer\":\"\"},{\"id\":\"198\",\"customer_id\":\"78\",\"policy_parent_code\":\"Auto\",\"policy_child_label\":\"Medical\",\"policy_child_selected\":\"A1\",\"account_id\":\"1\",\"cir_answer\":\"\"},{\"id\":\"199\",\"customer_id\":\"78\",\"policy_parent_code\":\"Auto\",\"policy_child_label\":\"Comprehensive\\/Collision\",\"policy_child_selected\":\"B1\",\"account_id\":\"1\",\"cir_answer\":\"\"},{\"id\":\"200\",\"customer_id\":\"78\",\"policy_parent_code\":\"Auto\",\"policy_child_label\":\"Roadside\\/Tow\",\"policy_child_selected\":\"Test1\",\"account_id\":\"1\",\"cir_answer\":\"\"},{\"id\":\"201\",\"customer_id\":\"78\",\"policy_parent_code\":\"Home\",\"policy_child_label\":\"Type\",\"policy_child_selected\":\" Commercial \",\"account_id\":\"1\",\"cir_answer\":\"\"},{\"id\":\"202\",\"customer_id\":\"78\",\"policy_parent_code\":\"Home\",\"policy_child_label\":\"Separate Structures\",\"policy_child_selected\":\" barn\",\"account_id\":\"1\",\"cir_answer\":\"\"},{\"id\":\"203\",\"customer_id\":\"78\",\"policy_parent_code\":\"Home\",\"policy_child_label\":\"Contents\",\"policy_child_selected\":\"couch\",\"account_id\":\"1\",\"cir_answer\":\"\"},{\"id\":\"204\",\"customer_id\":\"78\",\"policy_parent_code\":\"Home\",\"policy_child_label\":\"Additional Living\",\"policy_child_selected\":\"\",\"account_id\":\"1\",\"cir_answer\":\"\"},{\"id\":\"205\",\"customer_id\":\"78\",\"policy_parent_code\":\"Home\",\"policy_child_label\":\"Test1\",\"policy_child_selected\":\"C\",\"account_id\":\"1\",\"cir_answer\":\"\"},{\"id\":\"206\",\"customer_id\":\"78\",\"policy_parent_code\":\"Home\",\"policy_child_label\":\"Test2\",\"policy_child_selected\":\"A\",\"account_id\":\"1\",\"cir_answer\":\"\"},{\"id\":\"207\",\"customer_id\":\"78\",\"policy_parent_code\":\"Home\",\"policy_child_label\":\"Test3\",\"policy_child_selected\":\"A\",\"account_id\":\"1\",\"cir_answer\":\"\"}]',	1),
(31,	78,	'NA:Appointment',	'[{\"id\":\"18\",\"customer_id\":\"78\",\"appointment_date\":\"2017-09-26\",\"appointment_time\":\"8:58am\",\"location\":\"New Jersey\",\"is_completed\":null,\"assessment_guid\":\"35f4a8d465e6e1edc05f3d8ab658c551\",\"account_id\":\"1\",\"created_at\":\"2017-09-08 17:31:07\"}]',	1),
(32,	79,	'AP:Customer',	'[{\"id\":\"79\",\"primary_firstname\":\"Joven\",\"primary_lastname\":\"Albarida Barola\",\"primary_telno\":\"(123)-345-6789\",\"primary_cellphone\":\"\",\"primary_alt_telno\":\"\",\"primary_address\":null,\"primary_email\":\"joven.barola@engagex.com\",\"primary_emergency_contact\":\"Ligaya\",\"secondary_firstname\":\"Meriam\",\"secondary_lastname\":\"Homo\",\"secondary_telno\":\"\",\"secondary_cellphone\":\"\",\"secondary_alt_telno\":\"\",\"secondary_address\":null,\"secondary_email\":\"\",\"secondary_emergency_contact\":\"\",\"created_at\":\"2017-09-10 06:58:45\",\"updated_at\":\"2017-09-10 06:59:47\",\"account_id\":\"1\"}]',	1),
(33,	79,	'AP:Dependent',	'[{\"id\":\"61\",\"customer_id\":\"79\",\"dependent_name\":\"Kenjie\",\"dependent_age\":\"4\",\"account_id\":\"1\"},{\"id\":\"62\",\"customer_id\":\"79\",\"dependent_name\":\"Kaylie\",\"dependent_age\":\"3\",\"account_id\":\"1\"},{\"id\":\"63\",\"customer_id\":\"79\",\"dependent_name\":\"Kobie\",\"dependent_age\":\"1\",\"account_id\":\"1\"}]',	1),
(34,	79,	'AP:CurrentCoverage',	'[{\"id\":\"208\",\"customer_id\":\"79\",\"policy_parent_code\":\"Auto\",\"policy_child_label\":\"Make\\/Model\",\"policy_child_selected\":\"Test2\",\"account_id\":\"1\",\"cir_answer\":\"\"},{\"id\":\"209\",\"customer_id\":\"79\",\"policy_parent_code\":\"Auto\",\"policy_child_label\":\"Liability\",\"policy_child_selected\":\"25\\/50\",\"account_id\":\"1\",\"cir_answer\":\"\"},{\"id\":\"210\",\"customer_id\":\"79\",\"policy_parent_code\":\"Auto\",\"policy_child_label\":\"Uninsured Motorist\",\"policy_child_selected\":\"25\\/50\",\"account_id\":\"1\",\"cir_answer\":\"\"},{\"id\":\"211\",\"customer_id\":\"79\",\"policy_parent_code\":\"Auto\",\"policy_child_label\":\"Medical\",\"policy_child_selected\":\"A1\",\"account_id\":\"1\",\"cir_answer\":\"\"},{\"id\":\"212\",\"customer_id\":\"79\",\"policy_parent_code\":\"Auto\",\"policy_child_label\":\"Comprehensive\\/Collision\",\"policy_child_selected\":\"B1\",\"account_id\":\"1\",\"cir_answer\":\"\"},{\"id\":\"213\",\"customer_id\":\"79\",\"policy_parent_code\":\"Auto\",\"policy_child_label\":\"Roadside\\/Tow\",\"policy_child_selected\":\"Test1\",\"account_id\":\"1\",\"cir_answer\":\"\"},{\"id\":\"214\",\"customer_id\":\"79\",\"policy_parent_code\":\"Home\",\"policy_child_label\":\"Type\",\"policy_child_selected\":\"Residential\",\"account_id\":\"1\",\"cir_answer\":\"\"},{\"id\":\"215\",\"customer_id\":\"79\",\"policy_parent_code\":\"Home\",\"policy_child_label\":\"Separate Structures\",\"policy_child_selected\":\" barn\",\"account_id\":\"1\",\"cir_answer\":\"\"},{\"id\":\"216\",\"customer_id\":\"79\",\"policy_parent_code\":\"Home\",\"policy_child_label\":\"Contents\",\"policy_child_selected\":\"couch\",\"account_id\":\"1\",\"cir_answer\":\"\"},{\"id\":\"217\",\"customer_id\":\"79\",\"policy_parent_code\":\"Home\",\"policy_child_label\":\"Additional Living\",\"policy_child_selected\":\"\",\"account_id\":\"1\",\"cir_answer\":\"\"},{\"id\":\"218\",\"customer_id\":\"79\",\"policy_parent_code\":\"Home\",\"policy_child_label\":\"Test1\",\"policy_child_selected\":\"A\",\"account_id\":\"1\",\"cir_answer\":\"\"},{\"id\":\"219\",\"customer_id\":\"79\",\"policy_parent_code\":\"Home\",\"policy_child_label\":\"Test2\",\"policy_child_selected\":\"A\",\"account_id\":\"1\",\"cir_answer\":\"\"},{\"id\":\"220\",\"customer_id\":\"79\",\"policy_parent_code\":\"Home\",\"policy_child_label\":\"Test3\",\"policy_child_selected\":\"A\",\"account_id\":\"1\",\"cir_answer\":\"\"}]',	1),
(35,	79,	'AP:Appointment',	'[{\"id\":\"19\",\"customer_id\":\"79\",\"appointment_date\":\"2017-09-10\",\"appointment_time\":\"6:00am\",\"location\":\"California\",\"is_completed\":null,\"assessment_guid\":\"d1fe173d08e959397adf34b1d77e88d7\",\"account_id\":\"1\",\"created_at\":\"2017-09-10 07:02:10\"}]',	1),
(36,	79,	'NA:Customer',	'[{\"id\":\"79\",\"primary_firstname\":\"Joven\",\"primary_lastname\":\"Albarida Barola\",\"primary_telno\":\"(123)-345-6789\",\"primary_cellphone\":\"(111)-111-1111\",\"primary_alt_telno\":\"(111)-111-1111\",\"primary_address\":null,\"primary_email\":\"joven.barola@engagex.com\",\"primary_emergency_contact\":\"Ligaya Barola\",\"secondary_firstname\":\"Meriam\",\"secondary_lastname\":\"Homo\",\"secondary_telno\":\"\",\"secondary_cellphone\":\"\",\"secondary_alt_telno\":\"\",\"secondary_address\":null,\"secondary_email\":\"\",\"secondary_emergency_contact\":\"Joven Barola\",\"created_at\":\"2017-09-10 06:58:45\",\"updated_at\":\"2017-09-10 07:05:10\",\"account_id\":\"1\"}]',	1),
(37,	79,	'NA:Dependent',	'[{\"id\":\"61\",\"customer_id\":\"79\",\"dependent_name\":\"Kenjie\",\"dependent_age\":\"4\",\"account_id\":\"1\"},{\"id\":\"62\",\"customer_id\":\"79\",\"dependent_name\":\"Kaylie\",\"dependent_age\":\"3\",\"account_id\":\"1\"},{\"id\":\"63\",\"customer_id\":\"79\",\"dependent_name\":\"Kobie\",\"dependent_age\":\"1\",\"account_id\":\"1\"},{\"id\":\"64\",\"customer_id\":\"79\",\"dependent_name\":\"Dependent 1\",\"dependent_age\":\"10\",\"account_id\":\"1\"}]',	1),
(38,	79,	'NA:CurrentCoverage',	'[{\"id\":\"208\",\"customer_id\":\"79\",\"policy_parent_code\":\"Auto\",\"policy_child_label\":\"Make\\/Model\",\"policy_child_selected\":\"Test2\",\"account_id\":\"1\",\"cir_answer\":\"\"},{\"id\":\"209\",\"customer_id\":\"79\",\"policy_parent_code\":\"Auto\",\"policy_child_label\":\"Liability\",\"policy_child_selected\":\"25\\/50\",\"account_id\":\"1\",\"cir_answer\":\"\"},{\"id\":\"210\",\"customer_id\":\"79\",\"policy_parent_code\":\"Auto\",\"policy_child_label\":\"Uninsured Motorist\",\"policy_child_selected\":\"25\\/50\",\"account_id\":\"1\",\"cir_answer\":\"\"},{\"id\":\"211\",\"customer_id\":\"79\",\"policy_parent_code\":\"Auto\",\"policy_child_label\":\"Medical\",\"policy_child_selected\":\"A1\",\"account_id\":\"1\",\"cir_answer\":\"\"},{\"id\":\"212\",\"customer_id\":\"79\",\"policy_parent_code\":\"Auto\",\"policy_child_label\":\"Comprehensive\\/Collision\",\"policy_child_selected\":\"B1\",\"account_id\":\"1\",\"cir_answer\":\"\"},{\"id\":\"213\",\"customer_id\":\"79\",\"policy_parent_code\":\"Auto\",\"policy_child_label\":\"Roadside\\/Tow\",\"policy_child_selected\":\"Test1\",\"account_id\":\"1\",\"cir_answer\":\"\"},{\"id\":\"214\",\"customer_id\":\"79\",\"policy_parent_code\":\"Home\",\"policy_child_label\":\"Type\",\"policy_child_selected\":\"Residential\",\"account_id\":\"1\",\"cir_answer\":\"\"},{\"id\":\"215\",\"customer_id\":\"79\",\"policy_parent_code\":\"Home\",\"policy_child_label\":\"Separate Structures\",\"policy_child_selected\":\" barn\",\"account_id\":\"1\",\"cir_answer\":\"\"},{\"id\":\"216\",\"customer_id\":\"79\",\"policy_parent_code\":\"Home\",\"policy_child_label\":\"Contents\",\"policy_child_selected\":\"couch\",\"account_id\":\"1\",\"cir_answer\":\"\"},{\"id\":\"217\",\"customer_id\":\"79\",\"policy_parent_code\":\"Home\",\"policy_child_label\":\"Additional Living\",\"policy_child_selected\":\"\",\"account_id\":\"1\",\"cir_answer\":\"\"},{\"id\":\"218\",\"customer_id\":\"79\",\"policy_parent_code\":\"Home\",\"policy_child_label\":\"Test1\",\"policy_child_selected\":\"A\",\"account_id\":\"1\",\"cir_answer\":\"\"},{\"id\":\"219\",\"customer_id\":\"79\",\"policy_parent_code\":\"Home\",\"policy_child_label\":\"Test2\",\"policy_child_selected\":\"A\",\"account_id\":\"1\",\"cir_answer\":\"\"},{\"id\":\"220\",\"customer_id\":\"79\",\"policy_parent_code\":\"Home\",\"policy_child_label\":\"Test3\",\"policy_child_selected\":\"A\",\"account_id\":\"1\",\"cir_answer\":\"\"}]',	1),
(39,	79,	'NA:Appointment',	'[{\"id\":\"19\",\"customer_id\":\"79\",\"appointment_date\":\"2017-09-10\",\"appointment_time\":\"6:00am\",\"location\":\"California\",\"is_completed\":null,\"assessment_guid\":\"d1fe173d08e959397adf34b1d77e88d7\",\"account_id\":\"1\",\"created_at\":\"2017-09-10 07:02:10\"}]',	1),
(40,	2,	'AP:Customer',	'[{\"id\":\"2\",\"primary_firstname\":\"Jim\",\"primary_lastname\":\"Campbell\",\"primary_telno\":\"(702)-683-8487\",\"primary_cellphone\":\"\",\"primary_alt_telno\":\"\",\"primary_address\":null,\"primary_email\":\"carter.buck@engagex.com\",\"primary_emergency_contact\":\"\",\"secondary_firstname\":\"Jim\",\"secondary_lastname\":\"fredett\",\"secondary_telno\":\"(801)-821-8191\",\"secondary_cellphone\":\"\",\"secondary_alt_telno\":\"\",\"secondary_address\":null,\"secondary_email\":\"fake@none.com\",\"secondary_emergency_contact\":\"\",\"created_at\":\"2017-07-27 07:55:30\",\"updated_at\":\"2017-09-12 09:03:22\",\"account_id\":\"1\"}]',	1),
(41,	2,	'AP:Dependent',	'[{\"id\":\"4\",\"customer_id\":\"2\",\"dependent_name\":\"Mary Smith\",\"dependent_age\":\"8\",\"account_id\":\"1\"},{\"id\":\"5\",\"customer_id\":\"2\",\"dependent_name\":\"Henry VIII\",\"dependent_age\":\"13\",\"account_id\":\"1\"},{\"id\":\"17\",\"customer_id\":\"2\",\"dependent_name\":\"\",\"dependent_age\":\"10\",\"account_id\":\"1\"}]',	1),
(42,	2,	'AP:CurrentCoverage',	'[]',	1),
(43,	2,	'AP:Appointment',	'[{\"id\":\"5\",\"customer_id\":\"2\",\"appointment_date\":\"2017-08-17\",\"appointment_time\":\"7:03am\",\"location\":\"New York\",\"is_completed\":null,\"assessment_guid\":\"c81e728d9d4c2f636f067f89cc14862c\",\"account_id\":\"1\",\"created_at\":\"2017-08-17 14:21:20\"}]',	1),
(52,	80,	'AP:Customer',	'[{\"id\":\"80\",\"primary_firstname\":\"Kettle\",\"primary_lastname\":\"Corn\",\"primary_telno\":\"(742)-358-7156\",\"primary_cellphone\":\"\",\"primary_alt_telno\":\"\",\"primary_address\":null,\"primary_email\":\"joven.barola@engagex.com\",\"primary_emergency_contact\":\"Test Contact\",\"secondary_firstname\":\"Roen\",\"secondary_lastname\":\"Kimbal\",\"secondary_telno\":\"\",\"secondary_cellphone\":\"\",\"secondary_alt_telno\":\"\",\"secondary_address\":null,\"secondary_email\":\"jim.campbell@engagex.com\",\"secondary_emergency_contact\":\"\",\"created_at\":\"2017-09-12 18:32:39\",\"updated_at\":\"2017-09-19 14:02:42\",\"account_id\":\"1\"}]',	1),
(53,	80,	'AP:Dependent',	'[{\"id\":\"65\",\"customer_id\":\"80\",\"dependent_name\":\"Oscar\",\"dependent_age\":\"4\",\"account_id\":\"1\"}]',	1),
(54,	80,	'AP:CurrentCoverage',	'[{\"id\":\"221\",\"customer_id\":\"80\",\"policy_parent_code\":\"Auto\",\"policy_child_label\":\"Make\\/Model\",\"policy_child_selected\":\"Test2\",\"account_id\":\"1\",\"cir_answer\":\"Test2\"},{\"id\":\"222\",\"customer_id\":\"80\",\"policy_parent_code\":\"Auto\",\"policy_child_label\":\"Liability\",\"policy_child_selected\":\"100\\/300\",\"account_id\":\"1\",\"cir_answer\":\"100\\/300\"},{\"id\":\"223\",\"customer_id\":\"80\",\"policy_parent_code\":\"Auto\",\"policy_child_label\":\"Uninsured Motorist\",\"policy_child_selected\":\"40\\/80\",\"account_id\":\"1\",\"cir_answer\":\"40\\/80\"},{\"id\":\"224\",\"customer_id\":\"80\",\"policy_parent_code\":\"Auto\",\"policy_child_label\":\"Medical\",\"policy_child_selected\":\"A4\",\"account_id\":\"1\",\"cir_answer\":\"A4\"},{\"id\":\"225\",\"customer_id\":\"80\",\"policy_parent_code\":\"Auto\",\"policy_child_label\":\"Comprehensive\\/Collision\",\"policy_child_selected\":\"B4\",\"account_id\":\"1\",\"cir_answer\":\"B4\"},{\"id\":\"226\",\"customer_id\":\"80\",\"policy_parent_code\":\"Auto\",\"policy_child_label\":\"Roadside\\/Tow\",\"policy_child_selected\":\"Test2\",\"account_id\":\"1\",\"cir_answer\":\"Test2\"},{\"id\":\"227\",\"customer_id\":\"80\",\"policy_parent_code\":\"Auto\",\"policy_child_label\":\"Make\\/Model\",\"policy_child_selected\":\"Test2\",\"account_id\":\"1\",\"cir_answer\":\"\"},{\"id\":\"228\",\"customer_id\":\"80\",\"policy_parent_code\":\"Auto\",\"policy_child_label\":\"Liability\",\"policy_child_selected\":\"250\\/50\",\"account_id\":\"1\",\"cir_answer\":\"\"},{\"id\":\"229\",\"customer_id\":\"80\",\"policy_parent_code\":\"Auto\",\"policy_child_label\":\"Uninsured Motorist\",\"policy_child_selected\":\"250\\/500\",\"account_id\":\"1\",\"cir_answer\":\"\"},{\"id\":\"230\",\"customer_id\":\"80\",\"policy_parent_code\":\"Auto\",\"policy_child_label\":\"Medical\",\"policy_child_selected\":\"A5\",\"account_id\":\"1\",\"cir_answer\":\"\"},{\"id\":\"231\",\"customer_id\":\"80\",\"policy_parent_code\":\"Auto\",\"policy_child_label\":\"Comprehensive\\/Collision\",\"policy_child_selected\":\"B4\",\"account_id\":\"1\",\"cir_answer\":\"\"},{\"id\":\"232\",\"customer_id\":\"80\",\"policy_parent_code\":\"Auto\",\"policy_child_label\":\"Roadside\\/Tow\",\"policy_child_selected\":\"Test2\",\"account_id\":\"1\",\"cir_answer\":\"\"},{\"id\":\"233\",\"customer_id\":\"80\",\"policy_parent_code\":\"Home\",\"policy_child_label\":\"Type\",\"policy_child_selected\":\"Residential\",\"account_id\":\"1\",\"cir_answer\":\"Residential\"},{\"id\":\"234\",\"customer_id\":\"80\",\"policy_parent_code\":\"Home\",\"policy_child_label\":\"Separate Structures\",\"policy_child_selected\":\"out house\",\"account_id\":\"1\",\"cir_answer\":\"out house\"},{\"id\":\"235\",\"customer_id\":\"80\",\"policy_parent_code\":\"Home\",\"policy_child_label\":\"Contents\",\"policy_child_selected\":\" fridge\",\"account_id\":\"1\",\"cir_answer\":\" fridge\"},{\"id\":\"236\",\"customer_id\":\"80\",\"policy_parent_code\":\"Home\",\"policy_child_label\":\"Additional Living\",\"policy_child_selected\":\"\",\"account_id\":\"1\",\"cir_answer\":\"\"},{\"id\":\"237\",\"customer_id\":\"80\",\"policy_parent_code\":\"Home\",\"policy_child_label\":\"Test1\",\"policy_child_selected\":\"C\",\"account_id\":\"1\",\"cir_answer\":\"C\"},{\"id\":\"238\",\"customer_id\":\"80\",\"policy_parent_code\":\"Home\",\"policy_child_label\":\"Test2\",\"policy_child_selected\":\"C\",\"account_id\":\"1\",\"cir_answer\":\"C\"},{\"id\":\"239\",\"customer_id\":\"80\",\"policy_parent_code\":\"Home\",\"policy_child_label\":\"Test3\",\"policy_child_selected\":\"A\",\"account_id\":\"1\",\"cir_answer\":\"A\"},{\"id\":\"240\",\"customer_id\":\"80\",\"policy_parent_code\":\"Auto\",\"policy_child_label\":\"Liability\",\"policy_child_selected\":\"100\\/300\",\"account_id\":\"1\",\"cir_answer\":\"\"},{\"id\":\"241\",\"customer_id\":\"80\",\"policy_parent_code\":\"Auto\",\"policy_child_label\":\"Uninsured Motorist\",\"policy_child_selected\":\"25\\/50\",\"account_id\":\"1\",\"cir_answer\":\"\"},{\"id\":\"242\",\"customer_id\":\"80\",\"policy_parent_code\":\"Auto\",\"policy_child_label\":\"Medical\",\"policy_child_selected\":\"A1\",\"account_id\":\"1\",\"cir_answer\":\"\"},{\"id\":\"243\",\"customer_id\":\"80\",\"policy_parent_code\":\"Auto\",\"policy_child_label\":\"Comprehensive\\/Collision\",\"policy_child_selected\":\"B1\",\"account_id\":\"1\",\"cir_answer\":\"\"},{\"id\":\"244\",\"customer_id\":\"80\",\"policy_parent_code\":\"Auto\",\"policy_child_label\":\"Roadside\\/Tow\",\"policy_child_selected\":\"Test1\",\"account_id\":\"1\",\"cir_answer\":\"\"},{\"id\":\"245\",\"customer_id\":\"80\",\"policy_parent_code\":\"Auto\",\"policy_child_label\":\"Year\",\"policy_child_selected\":\"null\",\"account_id\":\"1\",\"cir_answer\":\"\"},{\"id\":\"246\",\"customer_id\":\"80\",\"policy_parent_code\":\"Auto\",\"policy_child_label\":\"Make\",\"policy_child_selected\":\"null\",\"account_id\":\"1\",\"cir_answer\":\"\"},{\"id\":\"247\",\"customer_id\":\"80\",\"policy_parent_code\":\"Auto\",\"policy_child_label\":\"Model\",\"policy_child_selected\":\"null\",\"account_id\":\"1\",\"cir_answer\":\"\"}]',	1),
(55,	80,	'AP:Appointment',	'[{\"id\":\"20\",\"customer_id\":\"80\",\"appointment_date\":\"2017-09-12\",\"appointment_time\":\"12:02pm\",\"location\":\"California\",\"is_completed\":null,\"assessment_guid\":\"f033ab37c30201f73f142449d037028d\",\"account_id\":\"1\",\"created_at\":\"2017-09-12 18:41:07\"}]',	1),
(56,	80,	'NA:Customer',	'[{\"id\":\"80\",\"primary_firstname\":\"Kettle\",\"primary_lastname\":\"Corn\",\"primary_telno\":\"(742)-358-7156\",\"primary_cellphone\":\"\",\"primary_alt_telno\":\"\",\"primary_address\":null,\"primary_email\":\"joven.barola@engagex.com\",\"primary_emergency_contact\":\"Test Contact\",\"secondary_firstname\":\"Roen\",\"secondary_lastname\":\"Kimbal\",\"secondary_telno\":\"(123)-456-7899\",\"secondary_cellphone\":\"(123)-456-7899\",\"secondary_alt_telno\":\"(123)-456-7899\",\"secondary_address\":null,\"secondary_email\":\"jim.campbell@engagex.com\",\"secondary_emergency_contact\":\"Test contact name\",\"created_at\":\"2017-09-12 18:32:39\",\"updated_at\":\"2017-09-19 14:04:32\",\"account_id\":\"1\"}]',	1),
(57,	80,	'NA:Dependent',	'[{\"id\":\"65\",\"customer_id\":\"80\",\"dependent_name\":\"Oscar\",\"dependent_age\":\"4\",\"account_id\":\"1\"},{\"id\":\"66\",\"customer_id\":\"80\",\"dependent_name\":\"No more dependents\",\"dependent_age\":\"10\",\"account_id\":\"1\"}]',	1),
(58,	80,	'NA:CurrentCoverage',	'[{\"id\":\"221\",\"customer_id\":\"80\",\"policy_parent_code\":\"Auto\",\"policy_child_label\":\"Make\\/Model\",\"policy_child_selected\":\"Test2\",\"account_id\":\"1\",\"cir_answer\":\"Test2\"},{\"id\":\"222\",\"customer_id\":\"80\",\"policy_parent_code\":\"Auto\",\"policy_child_label\":\"Liability\",\"policy_child_selected\":\"100\\/300\",\"account_id\":\"1\",\"cir_answer\":\"100\\/300\"},{\"id\":\"223\",\"customer_id\":\"80\",\"policy_parent_code\":\"Auto\",\"policy_child_label\":\"Uninsured Motorist\",\"policy_child_selected\":\"40\\/80\",\"account_id\":\"1\",\"cir_answer\":\"40\\/80\"},{\"id\":\"224\",\"customer_id\":\"80\",\"policy_parent_code\":\"Auto\",\"policy_child_label\":\"Medical\",\"policy_child_selected\":\"A4\",\"account_id\":\"1\",\"cir_answer\":\"A4\"},{\"id\":\"225\",\"customer_id\":\"80\",\"policy_parent_code\":\"Auto\",\"policy_child_label\":\"Comprehensive\\/Collision\",\"policy_child_selected\":\"B4\",\"account_id\":\"1\",\"cir_answer\":\"B4\"},{\"id\":\"226\",\"customer_id\":\"80\",\"policy_parent_code\":\"Auto\",\"policy_child_label\":\"Roadside\\/Tow\",\"policy_child_selected\":\"Test2\",\"account_id\":\"1\",\"cir_answer\":\"Test2\"},{\"id\":\"227\",\"customer_id\":\"80\",\"policy_parent_code\":\"Auto\",\"policy_child_label\":\"Make\\/Model\",\"policy_child_selected\":\"Test2\",\"account_id\":\"1\",\"cir_answer\":\"\"},{\"id\":\"228\",\"customer_id\":\"80\",\"policy_parent_code\":\"Auto\",\"policy_child_label\":\"Liability\",\"policy_child_selected\":\"250\\/50\",\"account_id\":\"1\",\"cir_answer\":\"\"},{\"id\":\"229\",\"customer_id\":\"80\",\"policy_parent_code\":\"Auto\",\"policy_child_label\":\"Uninsured Motorist\",\"policy_child_selected\":\"250\\/500\",\"account_id\":\"1\",\"cir_answer\":\"\"},{\"id\":\"230\",\"customer_id\":\"80\",\"policy_parent_code\":\"Auto\",\"policy_child_label\":\"Medical\",\"policy_child_selected\":\"A5\",\"account_id\":\"1\",\"cir_answer\":\"\"},{\"id\":\"231\",\"customer_id\":\"80\",\"policy_parent_code\":\"Auto\",\"policy_child_label\":\"Comprehensive\\/Collision\",\"policy_child_selected\":\"B4\",\"account_id\":\"1\",\"cir_answer\":\"\"},{\"id\":\"232\",\"customer_id\":\"80\",\"policy_parent_code\":\"Auto\",\"policy_child_label\":\"Roadside\\/Tow\",\"policy_child_selected\":\"Test2\",\"account_id\":\"1\",\"cir_answer\":\"\"},{\"id\":\"233\",\"customer_id\":\"80\",\"policy_parent_code\":\"Home\",\"policy_child_label\":\"Type\",\"policy_child_selected\":\"Residential\",\"account_id\":\"1\",\"cir_answer\":\"Residential\"},{\"id\":\"234\",\"customer_id\":\"80\",\"policy_parent_code\":\"Home\",\"policy_child_label\":\"Separate Structures\",\"policy_child_selected\":\"out house\",\"account_id\":\"1\",\"cir_answer\":\"out house\"},{\"id\":\"235\",\"customer_id\":\"80\",\"policy_parent_code\":\"Home\",\"policy_child_label\":\"Contents\",\"policy_child_selected\":\" fridge\",\"account_id\":\"1\",\"cir_answer\":\" fridge\"},{\"id\":\"236\",\"customer_id\":\"80\",\"policy_parent_code\":\"Home\",\"policy_child_label\":\"Additional Living\",\"policy_child_selected\":\"\",\"account_id\":\"1\",\"cir_answer\":\"\"},{\"id\":\"237\",\"customer_id\":\"80\",\"policy_parent_code\":\"Home\",\"policy_child_label\":\"Test1\",\"policy_child_selected\":\"C\",\"account_id\":\"1\",\"cir_answer\":\"C\"},{\"id\":\"238\",\"customer_id\":\"80\",\"policy_parent_code\":\"Home\",\"policy_child_label\":\"Test2\",\"policy_child_selected\":\"C\",\"account_id\":\"1\",\"cir_answer\":\"C\"},{\"id\":\"239\",\"customer_id\":\"80\",\"policy_parent_code\":\"Home\",\"policy_child_label\":\"Test3\",\"policy_child_selected\":\"A\",\"account_id\":\"1\",\"cir_answer\":\"A\"},{\"id\":\"240\",\"customer_id\":\"80\",\"policy_parent_code\":\"Auto\",\"policy_child_label\":\"Liability\",\"policy_child_selected\":\"100\\/300\",\"account_id\":\"1\",\"cir_answer\":\"\"},{\"id\":\"241\",\"customer_id\":\"80\",\"policy_parent_code\":\"Auto\",\"policy_child_label\":\"Uninsured Motorist\",\"policy_child_selected\":\"25\\/50\",\"account_id\":\"1\",\"cir_answer\":\"\"},{\"id\":\"242\",\"customer_id\":\"80\",\"policy_parent_code\":\"Auto\",\"policy_child_label\":\"Medical\",\"policy_child_selected\":\"A1\",\"account_id\":\"1\",\"cir_answer\":\"\"},{\"id\":\"243\",\"customer_id\":\"80\",\"policy_parent_code\":\"Auto\",\"policy_child_label\":\"Comprehensive\\/Collision\",\"policy_child_selected\":\"B1\",\"account_id\":\"1\",\"cir_answer\":\"\"},{\"id\":\"244\",\"customer_id\":\"80\",\"policy_parent_code\":\"Auto\",\"policy_child_label\":\"Roadside\\/Tow\",\"policy_child_selected\":\"Test1\",\"account_id\":\"1\",\"cir_answer\":\"\"},{\"id\":\"245\",\"customer_id\":\"80\",\"policy_parent_code\":\"Auto\",\"policy_child_label\":\"Year\",\"policy_child_selected\":\"null\",\"account_id\":\"1\",\"cir_answer\":\"\"},{\"id\":\"246\",\"customer_id\":\"80\",\"policy_parent_code\":\"Auto\",\"policy_child_label\":\"Make\",\"policy_child_selected\":\"null\",\"account_id\":\"1\",\"cir_answer\":\"\"},{\"id\":\"247\",\"customer_id\":\"80\",\"policy_parent_code\":\"Auto\",\"policy_child_label\":\"Model\",\"policy_child_selected\":\"null\",\"account_id\":\"1\",\"cir_answer\":\"\"}]',	1),
(59,	80,	'NA:Appointment',	'[{\"id\":\"20\",\"customer_id\":\"80\",\"appointment_date\":\"2017-09-12\",\"appointment_time\":\"12:02pm\",\"location\":\"California\",\"is_completed\":null,\"assessment_guid\":\"f033ab37c30201f73f142449d037028d\",\"account_id\":\"1\",\"created_at\":\"2017-09-12 18:41:07\"}]',	1),
(64,	81,	'NA:Customer',	'[{\"id\":\"81\",\"primary_firstname\":\"Joven\",\"primary_lastname\":\"Barola\",\"primary_telno\":\"(111)-111-1111\",\"primary_cellphone\":\"\",\"primary_alt_telno\":\"\",\"primary_address\":null,\"primary_email\":\"joven.barola@engagex.com\",\"primary_emergency_contact\":\"\",\"secondary_firstname\":\"\",\"secondary_lastname\":\"\",\"secondary_telno\":\"\",\"secondary_cellphone\":\"\",\"secondary_alt_telno\":\"\",\"secondary_address\":null,\"secondary_email\":\"\",\"secondary_emergency_contact\":\"\",\"created_at\":\"2017-09-20 18:57:02\",\"updated_at\":\"2017-09-21 09:47:54\",\"account_id\":\"11\"}]',	11),
(65,	81,	'NA:Dependent',	'[{\"id\":\"67\",\"customer_id\":\"81\",\"dependent_name\":\"joven\",\"dependent_age\":\"10\",\"account_id\":\"11\"}]',	11),
(66,	81,	'NA:CurrentCoverage',	'[{\"id\":\"288\",\"customer_id\":\"81\",\"policy_parent_code\":\"Auto\",\"policy_child_label\":\"Year\",\"policy_child_selected\":\"null\",\"account_id\":\"11\",\"cir_answer\":\"\"},{\"id\":\"289\",\"customer_id\":\"81\",\"policy_parent_code\":\"Auto\",\"policy_child_label\":\"Make\",\"policy_child_selected\":\"null\",\"account_id\":\"11\",\"cir_answer\":\"\"},{\"id\":\"290\",\"customer_id\":\"81\",\"policy_parent_code\":\"Auto\",\"policy_child_label\":\"Model\",\"policy_child_selected\":\"null\",\"account_id\":\"11\",\"cir_answer\":\"\"},{\"id\":\"291\",\"customer_id\":\"81\",\"policy_parent_code\":\"Auto\",\"policy_child_label\":\"Liability\",\"policy_child_selected\":\"Yes\",\"account_id\":\"11\",\"cir_answer\":\"\"},{\"id\":\"292\",\"customer_id\":\"81\",\"policy_parent_code\":\"Auto\",\"policy_child_label\":\"Uninsured Motorist\",\"policy_child_selected\":\"Yes\",\"account_id\":\"11\",\"cir_answer\":\"\"},{\"id\":\"293\",\"customer_id\":\"81\",\"policy_parent_code\":\"Auto\",\"policy_child_label\":\"Medical\",\"policy_child_selected\":\"null\",\"account_id\":\"11\",\"cir_answer\":\"\"},{\"id\":\"294\",\"customer_id\":\"81\",\"policy_parent_code\":\"Auto\",\"policy_child_label\":\"Comp\\/Collision\",\"policy_child_selected\":\"null\",\"account_id\":\"11\",\"cir_answer\":\"\"},{\"id\":\"295\",\"customer_id\":\"81\",\"policy_parent_code\":\"Auto\",\"policy_child_label\":\"Roadside\\/Tow\",\"policy_child_selected\":\"null\",\"account_id\":\"11\",\"cir_answer\":\"\"}]',	11),
(67,	81,	'NA:Appointment',	'[{\"id\":\"21\",\"customer_id\":\"81\",\"appointment_date\":\"2017-09-21\",\"appointment_time\":\"3:43am\",\"location\":\" Portland\",\"is_completed\":null,\"assessment_guid\":\"43ec517d68b6edd3015b3edc9a11367b\",\"account_id\":\"11\",\"created_at\":\"2017-09-21 09:44:03\"}]',	11),
(68,	85,	'AP:Customer',	'[{\"id\":\"85\",\"primary_firstname\":\"Mitch\",\"primary_lastname\":\"Hill\",\"primary_telno\":\"(509)-855-3945\",\"primary_cellphone\":\"(425)-308-8886\",\"primary_alt_telno\":\"\",\"primary_address\":null,\"primary_email\":\"mitchell_hill@live.com\",\"primary_emergency_contact\":\"\",\"secondary_firstname\":\"\",\"secondary_lastname\":\"\",\"secondary_telno\":\"\",\"secondary_cellphone\":\"\",\"secondary_alt_telno\":\"\",\"secondary_address\":null,\"secondary_email\":\"\",\"secondary_emergency_contact\":\"\",\"created_at\":\"2017-09-21 11:48:13\",\"updated_at\":\"2017-09-21 11:53:52\",\"account_id\":\"15\"}]',	15),
(69,	85,	'AP:Dependent',	'[{\"id\":\"69\",\"customer_id\":\"85\",\"dependent_name\":\"Tommy Hill\",\"dependent_age\":\"10\",\"account_id\":\"15\"}]',	15),
(70,	85,	'AP:CurrentCoverage',	'[{\"id\":\"296\",\"customer_id\":\"85\",\"policy_parent_code\":\"Auto\",\"policy_child_label\":\"Year\",\"policy_child_selected\":\"null\",\"account_id\":\"15\",\"cir_answer\":\"\"},{\"id\":\"297\",\"customer_id\":\"85\",\"policy_parent_code\":\"Auto\",\"policy_child_label\":\"Make\",\"policy_child_selected\":\"null\",\"account_id\":\"15\",\"cir_answer\":\"\"},{\"id\":\"298\",\"customer_id\":\"85\",\"policy_parent_code\":\"Auto\",\"policy_child_label\":\"Model\",\"policy_child_selected\":\"null\",\"account_id\":\"15\",\"cir_answer\":\"\"},{\"id\":\"299\",\"customer_id\":\"85\",\"policy_parent_code\":\"Auto\",\"policy_child_label\":\"Liability\",\"policy_child_selected\":\"50\\/100\",\"account_id\":\"15\",\"cir_answer\":\"\"},{\"id\":\"300\",\"customer_id\":\"85\",\"policy_parent_code\":\"Auto\",\"policy_child_label\":\"Uninsured Motorist\",\"policy_child_selected\":\"50\\/100\",\"account_id\":\"15\",\"cir_answer\":\"\"}]',	15),
(71,	85,	'AP:Appointment',	'[{\"id\":\"24\",\"customer_id\":\"85\",\"appointment_date\":\"2017-09-25\",\"appointment_time\":\"11:00am\",\"location\":\"Office\",\"is_completed\":null,\"assessment_guid\":\"3ef815416f775098fe977004015c6193\",\"account_id\":\"15\",\"created_at\":\"2017-09-21 12:00:02\"}]',	15),
(72,	84,	'AP:Customer',	'[{\"id\":\"84\",\"primary_firstname\":\"Mitch\",\"primary_lastname\":\"Harper\",\"primary_telno\":\"(801)-900-1203\",\"primary_cellphone\":\"\",\"primary_alt_telno\":\"\",\"primary_address\":null,\"primary_email\":\"nathan.leathers.engagex@gmail.com\",\"primary_emergency_contact\":\"\",\"secondary_firstname\":\"\",\"secondary_lastname\":\"\",\"secondary_telno\":\"\",\"secondary_cellphone\":\"\",\"secondary_alt_telno\":\"\",\"secondary_address\":null,\"secondary_email\":\"\",\"secondary_emergency_contact\":\"\",\"created_at\":\"2017-09-21 11:47:44\",\"updated_at\":\"2017-09-21 11:53:51\",\"account_id\":\"16\"}]',	16),
(73,	84,	'AP:Dependent',	'[{\"id\":\"70\",\"customer_id\":\"84\",\"dependent_name\":\"jolienea\",\"dependent_age\":\"10\",\"account_id\":\"16\"},{\"id\":\"71\",\"customer_id\":\"84\",\"dependent_name\":\"Ralf\",\"dependent_age\":\"13\",\"account_id\":\"16\"}]',	16),
(74,	84,	'AP:CurrentCoverage',	'[]',	16),
(75,	84,	'AP:Appointment',	'[{\"id\":\"23\",\"customer_id\":\"84\",\"appointment_date\":\"2017-11-25\",\"appointment_time\":\"11:30am\",\"location\":\"ihop\",\"is_completed\":null,\"assessment_guid\":\"68d30a9594728bc39aa24be94b319d21\",\"account_id\":\"16\",\"created_at\":\"2017-09-21 12:00:01\"}]',	16),
(76,	84,	'NA:Customer',	'[{\"id\":\"84\",\"primary_firstname\":\"Mitch\",\"primary_lastname\":\"Harper\",\"primary_telno\":\"(801)-900-1203\",\"primary_cellphone\":\"\",\"primary_alt_telno\":\"\",\"primary_address\":null,\"primary_email\":\"nathan.leathers.engagex@gmail.com\",\"primary_emergency_contact\":\"\",\"secondary_firstname\":\"Jenni\",\"secondary_lastname\":\"Mullencamp\",\"secondary_telno\":\"\",\"secondary_cellphone\":\"\",\"secondary_alt_telno\":\"\",\"secondary_address\":null,\"secondary_email\":\"\",\"secondary_emergency_contact\":\"\",\"created_at\":\"2017-09-21 11:47:44\",\"updated_at\":\"2017-09-21 12:07:50\",\"account_id\":\"16\"}]',	16),
(77,	84,	'NA:Dependent',	'[{\"id\":\"70\",\"customer_id\":\"84\",\"dependent_name\":\"jolienea\",\"dependent_age\":\"10\",\"account_id\":\"16\"},{\"id\":\"71\",\"customer_id\":\"84\",\"dependent_name\":\"Ralf\",\"dependent_age\":\"13\",\"account_id\":\"16\"},{\"id\":\"72\",\"customer_id\":\"84\",\"dependent_name\":\"Tiffany\",\"dependent_age\":\"1\",\"account_id\":\"16\"}]',	16),
(78,	84,	'NA:CurrentCoverage',	'[]',	16),
(79,	84,	'NA:Appointment',	'[{\"id\":\"23\",\"customer_id\":\"84\",\"appointment_date\":\"2017-11-25\",\"appointment_time\":\"11:30am\",\"location\":\"ihop\",\"is_completed\":null,\"assessment_guid\":\"68d30a9594728bc39aa24be94b319d21\",\"account_id\":\"16\",\"created_at\":\"2017-09-21 12:00:01\"}]',	16),
(80,	81,	'AP:Customer',	'[{\"id\":\"81\",\"primary_firstname\":\"Joven\",\"primary_lastname\":\"Barola\",\"primary_telno\":\"(111)-111-1111\",\"primary_cellphone\":\"\",\"primary_alt_telno\":\"\",\"primary_address\":null,\"primary_email\":\"joven.barola@engagex.com\",\"primary_emergency_contact\":\"\",\"secondary_firstname\":\"\",\"secondary_lastname\":\"\",\"secondary_telno\":\"\",\"secondary_cellphone\":\"\",\"secondary_alt_telno\":\"\",\"secondary_address\":null,\"secondary_email\":\"\",\"secondary_emergency_contact\":\"\",\"created_at\":\"2017-09-20 18:57:02\",\"updated_at\":\"2017-09-22 05:36:47\",\"account_id\":\"11\"}]',	11),
(81,	81,	'AP:Dependent',	'[{\"id\":\"67\",\"customer_id\":\"81\",\"dependent_name\":\"joven\",\"dependent_age\":\"10\",\"account_id\":\"11\"}]',	11),
(82,	81,	'AP:CurrentCoverage',	'[{\"id\":\"288\",\"customer_id\":\"81\",\"policy_parent_code\":\"Auto\",\"policy_child_label\":\"Year\",\"policy_child_selected\":\"null\",\"account_id\":\"11\",\"cir_answer\":\"\"},{\"id\":\"289\",\"customer_id\":\"81\",\"policy_parent_code\":\"Auto\",\"policy_child_label\":\"Make\",\"policy_child_selected\":\"null\",\"account_id\":\"11\",\"cir_answer\":\"\"},{\"id\":\"290\",\"customer_id\":\"81\",\"policy_parent_code\":\"Auto\",\"policy_child_label\":\"Model\",\"policy_child_selected\":\"null\",\"account_id\":\"11\",\"cir_answer\":\"\"},{\"id\":\"291\",\"customer_id\":\"81\",\"policy_parent_code\":\"Auto\",\"policy_child_label\":\"Liability\",\"policy_child_selected\":\"Yes\",\"account_id\":\"11\",\"cir_answer\":\"\"},{\"id\":\"292\",\"customer_id\":\"81\",\"policy_parent_code\":\"Auto\",\"policy_child_label\":\"Uninsured Motorist\",\"policy_child_selected\":\"Yes\",\"account_id\":\"11\",\"cir_answer\":\"\"},{\"id\":\"293\",\"customer_id\":\"81\",\"policy_parent_code\":\"Auto\",\"policy_child_label\":\"Medical\",\"policy_child_selected\":\"null\",\"account_id\":\"11\",\"cir_answer\":\"\"},{\"id\":\"294\",\"customer_id\":\"81\",\"policy_parent_code\":\"Auto\",\"policy_child_label\":\"Comp\\/Collision\",\"policy_child_selected\":\"null\",\"account_id\":\"11\",\"cir_answer\":\"\"},{\"id\":\"295\",\"customer_id\":\"81\",\"policy_parent_code\":\"Auto\",\"policy_child_label\":\"Roadside\\/Tow\",\"policy_child_selected\":\"null\",\"account_id\":\"11\",\"cir_answer\":\"\"}]',	11),
(83,	81,	'AP:Appointment',	'[{\"id\":\"21\",\"customer_id\":\"81\",\"appointment_date\":\"2017-09-21\",\"appointment_time\":\"3:43am\",\"location\":\" Portland\",\"is_completed\":null,\"assessment_guid\":\"43ec517d68b6edd3015b3edc9a11367b\",\"account_id\":\"11\",\"created_at\":\"2017-09-21 09:44:03\"}]',	11),
(84,	89,	'AP:Customer',	'[{\"id\":\"89\",\"primary_firstname\":\"Joe\",\"primary_lastname\":\"Salazar\",\"primary_telno\":\"(555)-821-8191\",\"primary_cellphone\":\"(555)-823-1103\",\"primary_alt_telno\":\"\",\"primary_address\":null,\"primary_email\":\"carter.buck@engagex.com\",\"primary_emergency_contact\":\"Samantha Salazar\",\"secondary_firstname\":\"Samantha\",\"secondary_lastname\":\"Salazar\",\"secondary_telno\":\"(555)-243-2825\",\"secondary_cellphone\":\"(555)-400-9292\",\"secondary_alt_telno\":\"\",\"secondary_address\":null,\"secondary_email\":\"carterbuck@hotmail.com\",\"secondary_emergency_contact\":\"Joe Salazar\",\"created_at\":\"2017-09-22 16:20:00\",\"updated_at\":\"2017-09-22 16:37:14\",\"account_id\":\"13\"}]',	13),
(85,	89,	'AP:Dependent',	'[{\"id\":\"75\",\"customer_id\":\"89\",\"dependent_name\":\"Katrina Salazar\",\"dependent_age\":\"10\",\"account_id\":\"13\"},{\"id\":\"76\",\"customer_id\":\"89\",\"dependent_name\":\"Jonathan Salazar\",\"dependent_age\":\"7\",\"account_id\":\"13\"},{\"id\":\"77\",\"customer_id\":\"89\",\"dependent_name\":\"Julia Salazar\",\"dependent_age\":\"4\",\"account_id\":\"13\"}]',	13),
(86,	89,	'AP:CurrentCoverage',	'[{\"id\":\"309\",\"customer_id\":\"89\",\"policy_parent_code\":\"Auto\",\"policy_child_label\":\"Year\",\"policy_child_selected\":\"null\",\"account_id\":\"13\",\"cir_answer\":\"\"},{\"id\":\"310\",\"customer_id\":\"89\",\"policy_parent_code\":\"Auto\",\"policy_child_label\":\"Make\",\"policy_child_selected\":\"null\",\"account_id\":\"13\",\"cir_answer\":\"\"},{\"id\":\"311\",\"customer_id\":\"89\",\"policy_parent_code\":\"Auto\",\"policy_child_label\":\"Model\",\"policy_child_selected\":\"null\",\"account_id\":\"13\",\"cir_answer\":\"\"},{\"id\":\"312\",\"customer_id\":\"89\",\"policy_parent_code\":\"Auto\",\"policy_child_label\":\"Liability\",\"policy_child_selected\":\"$10000\\/$20000\",\"account_id\":\"13\",\"cir_answer\":\"\"},{\"id\":\"313\",\"customer_id\":\"89\",\"policy_parent_code\":\"Auto\",\"policy_child_label\":\"Uninsured Motorist\",\"policy_child_selected\":\"$20000\",\"account_id\":\"13\",\"cir_answer\":\"\"},{\"id\":\"314\",\"customer_id\":\"89\",\"policy_parent_code\":\"Auto\",\"policy_child_label\":\"Medical\",\"policy_child_selected\":\"$25000\",\"account_id\":\"13\",\"cir_answer\":\"\"},{\"id\":\"315\",\"customer_id\":\"89\",\"policy_parent_code\":\"Auto\",\"policy_child_label\":\"Comp\\/Collision\",\"policy_child_selected\":\"$10000\",\"account_id\":\"13\",\"cir_answer\":\"\"},{\"id\":\"316\",\"customer_id\":\"89\",\"policy_parent_code\":\"Auto\",\"policy_child_label\":\"Roadside\\/Tow\",\"policy_child_selected\":\"Yes\",\"account_id\":\"13\",\"cir_answer\":\"\"},{\"id\":\"317\",\"customer_id\":\"89\",\"policy_parent_code\":\"Other\",\"policy_child_label\":\"Umbrella\",\"policy_child_selected\":\"$500000\",\"account_id\":\"13\",\"cir_answer\":\"\"},{\"id\":\"318\",\"customer_id\":\"89\",\"policy_parent_code\":\"Life\",\"policy_child_label\":\"Permanent \",\"policy_child_selected\":\"$1000000\",\"account_id\":\"13\",\"cir_answer\":\"\"},{\"id\":\"319\",\"customer_id\":\"89\",\"policy_parent_code\":\"Life\",\"policy_child_label\":\"Term\",\"policy_child_selected\":\"None\",\"account_id\":\"13\",\"cir_answer\":\"\"}]',	13),
(87,	89,	'AP:Appointment',	'[{\"id\":\"26\",\"customer_id\":\"89\",\"appointment_date\":\"2017-09-05\",\"appointment_time\":\"2:37pm\",\"location\":\"University Avenue Office\",\"is_completed\":null,\"assessment_guid\":\"7647966b7343c29048673252e490f736\",\"account_id\":\"13\",\"created_at\":\"2017-09-22 16:38:34\"}]',	13),
(88,	89,	'NA:Customer',	'[{\"id\":\"89\",\"primary_firstname\":\"Joe\",\"primary_lastname\":\"Salazar\",\"primary_telno\":\"(555)-821-8191\",\"primary_cellphone\":\"(555)-233-4511\",\"primary_alt_telno\":\"\",\"primary_address\":null,\"primary_email\":\"carter.buck@engagex.com\",\"primary_emergency_contact\":\"Samantha Salazar\",\"secondary_firstname\":\"Samantha\",\"secondary_lastname\":\"Salazar\",\"secondary_telno\":\"(555)-243-2825\",\"secondary_cellphone\":\"(555)-400-9292\",\"secondary_alt_telno\":\"\",\"secondary_address\":null,\"secondary_email\":\"carterbuck@hotmail.com\",\"secondary_emergency_contact\":\"Joe Salazar\",\"created_at\":\"2017-09-22 16:20:00\",\"updated_at\":\"2017-09-22 16:47:00\",\"account_id\":\"13\"}]',	13),
(89,	89,	'NA:Dependent',	'[{\"id\":\"75\",\"customer_id\":\"89\",\"dependent_name\":\"Katrina Salazar\",\"dependent_age\":\"10\",\"account_id\":\"13\"},{\"id\":\"76\",\"customer_id\":\"89\",\"dependent_name\":\"Jonathan Salazar\",\"dependent_age\":\"7\",\"account_id\":\"13\"},{\"id\":\"77\",\"customer_id\":\"89\",\"dependent_name\":\"Julia Salazar\",\"dependent_age\":\"4\",\"account_id\":\"13\"},{\"id\":\"78\",\"customer_id\":\"89\",\"dependent_name\":\"Scott Salazar\",\"dependent_age\":\"1\",\"account_id\":\"13\"}]',	13),
(90,	89,	'NA:CurrentCoverage',	'[{\"id\":\"309\",\"customer_id\":\"89\",\"policy_parent_code\":\"Auto\",\"policy_child_label\":\"Year\",\"policy_child_selected\":\"null\",\"account_id\":\"13\",\"cir_answer\":\"\"},{\"id\":\"310\",\"customer_id\":\"89\",\"policy_parent_code\":\"Auto\",\"policy_child_label\":\"Make\",\"policy_child_selected\":\"null\",\"account_id\":\"13\",\"cir_answer\":\"\"},{\"id\":\"311\",\"customer_id\":\"89\",\"policy_parent_code\":\"Auto\",\"policy_child_label\":\"Model\",\"policy_child_selected\":\"null\",\"account_id\":\"13\",\"cir_answer\":\"\"},{\"id\":\"312\",\"customer_id\":\"89\",\"policy_parent_code\":\"Auto\",\"policy_child_label\":\"Liability\",\"policy_child_selected\":\"$10000\\/$20000\",\"account_id\":\"13\",\"cir_answer\":\"\"},{\"id\":\"313\",\"customer_id\":\"89\",\"policy_parent_code\":\"Auto\",\"policy_child_label\":\"Uninsured Motorist\",\"policy_child_selected\":\"$20000\",\"account_id\":\"13\",\"cir_answer\":\"\"},{\"id\":\"314\",\"customer_id\":\"89\",\"policy_parent_code\":\"Auto\",\"policy_child_label\":\"Medical\",\"policy_child_selected\":\"$25000\",\"account_id\":\"13\",\"cir_answer\":\"\"},{\"id\":\"315\",\"customer_id\":\"89\",\"policy_parent_code\":\"Auto\",\"policy_child_label\":\"Comp\\/Collision\",\"policy_child_selected\":\"$10000\",\"account_id\":\"13\",\"cir_answer\":\"\"},{\"id\":\"316\",\"customer_id\":\"89\",\"policy_parent_code\":\"Auto\",\"policy_child_label\":\"Roadside\\/Tow\",\"policy_child_selected\":\"Yes\",\"account_id\":\"13\",\"cir_answer\":\"\"},{\"id\":\"317\",\"customer_id\":\"89\",\"policy_parent_code\":\"Other\",\"policy_child_label\":\"Umbrella\",\"policy_child_selected\":\"$500000\",\"account_id\":\"13\",\"cir_answer\":\"\"},{\"id\":\"318\",\"customer_id\":\"89\",\"policy_parent_code\":\"Life\",\"policy_child_label\":\"Permanent \",\"policy_child_selected\":\"$1000000\",\"account_id\":\"13\",\"cir_answer\":\"\"},{\"id\":\"319\",\"customer_id\":\"89\",\"policy_parent_code\":\"Life\",\"policy_child_label\":\"Term\",\"policy_child_selected\":\"None\",\"account_id\":\"13\",\"cir_answer\":\"\"}]',	13),
(91,	89,	'NA:Appointment',	'[{\"id\":\"26\",\"customer_id\":\"89\",\"appointment_date\":\"2017-09-05\",\"appointment_time\":\"2:37pm\",\"location\":\"University Avenue Office\",\"is_completed\":null,\"assessment_guid\":\"7647966b7343c29048673252e490f736\",\"account_id\":\"13\",\"created_at\":\"2017-09-22 16:38:34\"}]',	13);

DROP TABLE IF EXISTS `tbl_appointment`;
CREATE TABLE `tbl_appointment` (
  `id` int(11) NOT NULL AUTO_INCREMENT,
  `customer_id` int(11) NOT NULL,
  `appointment_date` date NOT NULL,
  `appointment_time` varchar(45) NOT NULL,
  `location` varchar(45) NOT NULL COMMENT 'Check: tbl_account_setup',
  `is_completed` tinyint(4) DEFAULT NULL COMMENT 'Flag if steps are now completed',
  `assessment_guid` varchar(255) DEFAULT NULL COMMENT 'Relate: Need Assessment',
  `account_id` int(11) NOT NULL,
  `created_at` timestamp NOT NULL DEFAULT CURRENT_TIMESTAMP ON UPDATE CURRENT_TIMESTAMP,
  PRIMARY KEY (`id`)
) ENGINE=InnoDB DEFAULT CHARSET=latin1;

INSERT INTO `tbl_appointment` (`id`, `customer_id`, `appointment_date`, `appointment_time`, `location`, `is_completed`, `assessment_guid`, `account_id`, `created_at`) VALUES
(1,	62,	'2017-08-16',	'4:06pm',	'BGC',	NULL,	'44f683a84163b3523afe57c2e008bc8c',	1,	'2017-08-16 13:14:33'),
(2,	61,	'2017-08-16',	'3:00pm',	'Alabang',	NULL,	'7f39f8317fbdb1988ef4c628eba02591',	1,	'2017-08-16 20:01:50'),
(3,	58,	'2017-09-09',	'4:00pm',	'Alabang',	NULL,	'66f041e16a60928b05a7e228a89c3799',	1,	'2017-08-16 20:05:21'),
(4,	53,	'2017-09-22',	'5:00pm',	'Ortigas',	NULL,	'd82c8d1619ad8176d665453cfb2e55f0',	1,	'2017-08-16 20:08:39'),
(5,	2,	'2017-08-17',	'7:03am',	'New York',	NULL,	'c81e728d9d4c2f636f067f89cc14862c',	1,	'2017-08-17 18:21:20'),
(6,	66,	'2017-08-21',	'4:22pm',	'BGC',	NULL,	'3295c76acbf4caaed33c36b1b5fc2cb1',	1,	'2017-08-21 21:22:11'),
(7,	72,	'2017-08-21',	'12:30pm',	'Ortigas',	NULL,	'32bb90e8976aab5298d5da10fe66f21d',	1,	'2017-08-21 21:23:48'),
(8,	68,	'2021-09-13',	'5:00pm',	'BGC',	NULL,	'a3f390d88e4c41f2747bfa2f1b5f87db',	1,	'2017-08-21 21:40:09'),
(9,	76,	'2017-09-08',	'3:22pm',	'Makati',	NULL,	'fbd7939d674997cdb4692d34de8633c4',	1,	'2017-08-22 17:09:51'),
(10,	74,	'2017-09-05',	'12:30pm',	'Makati',	NULL,	'ad61ab143223efbc24c7d2583be69251',	1,	'2017-08-22 18:10:31'),
(12,	73,	'2017-10-01',	'8:30pm',	'BGC',	NULL,	'd2ddea18f00665ce8623e36bd4e3c7c5',	1,	'2017-08-22 19:51:39'),
(13,	71,	'2017-08-22',	'9:10am',	'New York',	NULL,	'e2c420d928d4bf8ce0ff2ec19b371514',	1,	'2017-08-22 19:56:49'),
(14,	69,	'2017-09-07',	'6:13pm',	'Makati',	NULL,	'14bfa6bb14875e45bba028a21ed38046',	1,	'2017-08-22 22:49:28'),
(15,	70,	'2017-08-29',	'3:59am',	'Makati',	NULL,	'7cbbc409ec990f19c78c75bd1e06f215',	1,	'2017-08-29 08:59:53'),
(16,	77,	'2017-09-04',	'4:20pm',	'BGC',	NULL,	'28dd2c7955ce926456240b2ff0100bde',	1,	'2017-09-01 19:16:59'),
(17,	67,	'2017-09-09',	'8:57am',	'Ortigas',	NULL,	'735b90b4568125ed6c3f678819b6e058',	1,	'2017-09-06 13:58:03'),
(18,	78,	'2017-09-26',	'8:58am',	'New Jersey',	NULL,	'35f4a8d465e6e1edc05f3d8ab658c551',	1,	'2017-09-08 21:31:07'),
(19,	79,	'2017-09-20',	'2:36pm',	'California',	NULL,	'd1fe173d08e959397adf34b1d77e88d7',	1,	'2017-09-10 11:02:10'),
(20,	80,	'2017-09-20',	'2:36pm',	'California',	NULL,	'f033ab37c30201f73f142449d037028d',	1,	'2017-09-12 22:41:07'),
(21,	81,	'2017-09-21',	'3:43am',	' Portland',	NULL,	'43ec517d68b6edd3015b3edc9a11367b',	11,	'2017-09-21 13:44:03'),
(22,	82,	'2017-09-28',	'10:00am',	'Office',	NULL,	'9778d5d219c5080b9a6a17bef029331c',	15,	'2017-09-21 14:31:08'),
(23,	84,	'2017-10-25',	'10:28am',	'ihop',	NULL,	'68d30a9594728bc39aa24be94b319d21',	16,	'2017-09-21 16:00:01'),
(24,	85,	'2017-09-25',	'11:00am',	'Office',	NULL,	'3ef815416f775098fe977004015c6193',	15,	'2017-09-21 16:00:02'),
(25,	88,	'2017-09-21',	'11:35pm',	'New York',	NULL,	'2a38a4a9316c49e5a833517c45d31070',	11,	'2017-09-22 09:36:15'),
(26,	89,	'2017-09-25',	'3:10pm',	'University Avenue Office',	NULL,	'7647966b7343c29048673252e490f736',	13,	'2017-09-22 20:38:34'),
(27,	92,	'2017-10-19',	'4:00pm',	'Client\'s Home',	NULL,	'92cc227532d17e56e07902b254dfad10',	13,	'2017-09-24 01:44:28'),
(28,	122,	'2017-10-11',	'1:51pm',	'University Avenue Office',	NULL,	'a0a080f42e6f13b3a2df133f073095dd',	13,	'2017-09-25 14:38:33'),
(29,	121,	'2017-10-12',	'2:30pm',	'State Street Office',	NULL,	'4c56ff4ce4aaf9573aa5dff913df997a',	13,	'2017-09-25 19:50:37');

DROP TABLE IF EXISTS `tbl_ci_review`;
CREATE TABLE `tbl_ci_review` (
  `id` int(11) NOT NULL AUTO_INCREMENT,
  `assessment_guid` varchar(255) DEFAULT NULL,
  `customer_id` int(11) NOT NULL,
  `ci_review_submitted_to` varchar(255) DEFAULT NULL COMMENT 'Email address of NA receipient',
  `ci_review_guid` varchar(255) DEFAULT NULL,
  `is_completed` tinyint(4) DEFAULT NULL,
  `account_id` int(11) NOT NULL,
  `ci_review_date` datetime NOT NULL,
  PRIMARY KEY (`id`)
) ENGINE=InnoDB DEFAULT CHARSET=latin1;

INSERT INTO `tbl_ci_review` (`id`, `assessment_guid`, `customer_id`, `ci_review_submitted_to`, `ci_review_guid`, `is_completed`, `account_id`, `ci_review_date`) VALUES
(1,	'dsfdsfsdlfsdfjlsdjgkfldjdlglfd',	77,	'joven@gmail.com',	'tessdfdslhgkd',	1,	1,	'2017-09-01 16:19:26'),
(2,	'ogjhgjhghjj',	76,	'joven@gmail.com',	'fdgdfjkgjdfkljgjfdkjgkldf',	1,	1,	'2017-09-01 16:19:26'),
(3,	'kdfj;hygfiyhfghgf',	70,	'hirueyitret',	'dfjgdflgjkdf',	1,	1,	'2017-09-01 16:19:26'),
(4,	NULL,	74,	'jim.campbell@engagex.com',	'6c99cd8918f3c762a12c05de1272d13a',	1,	1,	'2017-09-10 06:47:43'),
(5,	NULL,	79,	'joven.barola@engagex.com',	'6c99cd8918f3c762a12c05de1272d13a',	1,	1,	'2017-09-10 07:14:53'),
(6,	NULL,	68,	NULL,	'6c99cd8918f3c762a12c05de1272d13a',	1,	1,	'2017-09-12 09:07:51'),
(7,	NULL,	80,	NULL,	'6c99cd8918f3c762a12c05de1272d13a',	1,	1,	'2017-09-12 19:26:30'),
(8,	NULL,	81,	NULL,	'6c99cd8918f3c762a12c05de1272d13a',	1,	11,	'2017-09-21 09:54:37'),
(9,	NULL,	82,	NULL,	'6c99cd8918f3c762a12c05de1272d13a',	1,	15,	'2017-09-21 10:34:40'),
(10,	NULL,	84,	NULL,	'6c99cd8918f3c762a12c05de1272d13a',	1,	16,	'2017-09-21 13:05:03'),
(11,	'7647966b7343c29048673252e490f736',	89,	NULL,	'6c99cd8918f3c762a12c05de1272d13a',	1,	13,	'2017-09-22 17:01:33');

DROP TABLE IF EXISTS `tbl_colour_scheme`;
CREATE TABLE `tbl_colour_scheme` (
  `id` int(11) NOT NULL AUTO_INCREMENT,
  `scheme_name` varchar(45) NOT NULL,
  `color_1` varchar(45) NOT NULL,
  `color_2` varchar(45) NOT NULL,
  `color_3` varchar(45) NOT NULL,
  `color_4` varchar(45) NOT NULL,
  `account_id` int(11) NOT NULL,
  PRIMARY KEY (`id`),
  UNIQUE KEY `scheme_name_UNIQUE` (`scheme_name`)
) ENGINE=InnoDB DEFAULT CHARSET=latin1;

INSERT INTO `tbl_colour_scheme` (`id`, `scheme_name`, `color_1`, `color_2`, `color_3`, `color_4`, `account_id`) VALUES
(1,	'Default Theme',	'null',	'null',	'null',	'',	1),
(2,	'Theme 1',	'#f2ab14',	'#070600',	'#070800',	'',	1),
(4,	'Theme 2',	'#C2847A',	'#280003',	'#848586',	'',	1),
(5,	'Custom',	'#106dae',	'#ffffff',	'#cccccc',	'',	1);

DROP TABLE IF EXISTS `tbl_current_coverage`;
CREATE TABLE `tbl_current_coverage` (
  `id` int(11) NOT NULL AUTO_INCREMENT,
  `customer_id` int(11) NOT NULL,
  `policy_parent_code` varchar(45) DEFAULT NULL COMMENT 'Values are: "Auto" or "Home"',
  `policy_child_label` varchar(45) DEFAULT NULL,
  `policy_child_selected` varchar(75) DEFAULT NULL,
  `account_id` int(11) NOT NULL,
  `cir_answer` varchar(50) NOT NULL,
  PRIMARY KEY (`id`)
) ENGINE=InnoDB DEFAULT CHARSET=latin1;

INSERT INTO `tbl_current_coverage` (`id`, `customer_id`, `policy_parent_code`, `policy_child_label`, `policy_child_selected`, `account_id`, `cir_answer`) VALUES
(1,	62,	'Auto',	'Make/Model',	'Test1',	1,	''),
(2,	62,	'Auto',	'Liability',	'25/50',	1,	''),
(3,	62,	'Auto',	'Uninsured Motorist',	'',	1,	''),
(4,	62,	'Auto',	'Medical',	'',	1,	''),
(5,	62,	'Auto',	'Comprehensive/Collision',	'',	1,	''),
(6,	62,	'Auto',	'Roadside/Tow',	'',	1,	''),
(7,	53,	'Auto',	'Make/Model',	'Test1',	1,	''),
(8,	53,	'Auto',	'Liability',	'40/80',	1,	''),
(9,	53,	'Auto',	'Uninsured Motorist',	'50/100',	1,	''),
(10,	53,	'Auto',	'Medical',	'A1',	1,	''),
(11,	53,	'Auto',	'Comprehensive/Collision',	'B1',	1,	''),
(12,	53,	'Auto',	'Roadside/Tow',	'Test1',	1,	''),
(13,	53,	'Home',	'Type',	'Residential',	1,	''),
(14,	53,	'Home',	'Contents',	'',	1,	''),
(15,	53,	'Home',	'Additional Living',	'',	1,	''),
(16,	53,	'Home',	'Test1',	'A',	1,	''),
(17,	53,	'Home',	'Test2',	'A',	1,	''),
(18,	53,	'Home',	'Test3',	'A',	1,	''),
(19,	67,	'Auto',	'Make/Model',	'Test1',	1,	''),
(20,	67,	'Auto',	'Liability',	'25/50',	1,	''),
(21,	67,	'Auto',	'Uninsured Motorist',	'25/50',	1,	''),
(22,	67,	'Auto',	'Medical',	'A1',	1,	''),
(23,	67,	'Auto',	'Comprehensive/Collision',	'B1',	1,	''),
(24,	67,	'Auto',	'Roadside/Tow',	'Test1',	1,	''),
(25,	62,	'Auto',	'Make/Model',	'Test1',	1,	''),
(26,	62,	'Auto',	'Liability',	'50/100',	1,	''),
(27,	62,	'Auto',	'Uninsured Motorist',	'25/50',	1,	''),
(28,	62,	'Auto',	'Medical',	'A1',	1,	''),
(29,	62,	'Auto',	'Comprehensive/Collision',	'B3',	1,	''),
(30,	62,	'Auto',	'Roadside/Tow',	'Test4',	1,	''),
(31,	62,	'Life',	'Life 1',	'A',	1,	''),
(32,	62,	'Life',	'Life 3',	'L1',	1,	''),
(33,	66,	'Auto',	'Make/Model',	'Test1',	1,	''),
(34,	66,	'Auto',	'Liability',	'25/50',	1,	''),
(35,	66,	'Auto',	'Uninsured Motorist',	'25/50',	1,	''),
(36,	66,	'Auto',	'Medical',	'A1',	1,	''),
(37,	66,	'Auto',	'Comprehensive/Collision',	'B1',	1,	''),
(38,	66,	'Auto',	'Roadside/Tow',	'Test1',	1,	''),
(39,	75,	'Auto',	'Make/Model',	'Test1',	1,	''),
(40,	75,	'Auto',	'Liability',	'25/50',	1,	''),
(41,	75,	'Auto',	'Uninsured Motorist',	'25/50',	1,	''),
(42,	75,	'Auto',	'Medical',	'A1',	1,	''),
(43,	75,	'Auto',	'Comprehensive/Collision',	'B1',	1,	''),
(44,	75,	'Auto',	'Roadside/Tow',	'Test1',	1,	''),
(45,	75,	'Auto',	'Make/Model',	'Test2',	1,	''),
(46,	75,	'Auto',	'Liability',	'25/50',	1,	''),
(47,	75,	'Auto',	'Uninsured Motorist',	'25/50',	1,	''),
(48,	75,	'Auto',	'Medical',	'A3',	1,	''),
(49,	75,	'Auto',	'Comprehensive/Collision',	'B1',	1,	''),
(50,	75,	'Auto',	'Roadside/Tow',	'Test1',	1,	''),
(51,	70,	'Home',	'Type',	' Commercial ',	1,	''),
(52,	70,	'Home',	'Contents',	' microwave',	1,	''),
(53,	70,	'Home',	'Additional Living',	'',	1,	''),
(54,	70,	'Home',	'Test1',	'A',	1,	''),
(55,	70,	'Home',	'Test2',	'A',	1,	''),
(56,	70,	'Home',	'Test3',	'A',	1,	''),
(57,	76,	'Auto',	'Make/Model',	'Test1',	1,	''),
(58,	76,	'Auto',	'Liability',	'25/50',	1,	''),
(59,	76,	'Auto',	'Uninsured Motorist',	'25/50',	1,	''),
(60,	76,	'Auto',	'Medical',	'A1',	1,	''),
(61,	76,	'Auto',	'Comprehensive/Collision',	'B1',	1,	''),
(62,	76,	'Auto',	'Roadside/Tow',	'Test1',	1,	''),
(63,	76,	'Home',	'Type',	'Residential',	1,	''),
(64,	76,	'Home',	'Contents',	'couch',	1,	''),
(65,	76,	'Home',	'Additional Living',	'',	1,	''),
(66,	76,	'Home',	'Test1',	'A',	1,	''),
(67,	76,	'Home',	'Test2',	'A',	1,	''),
(68,	76,	'Home',	'Test3',	'A',	1,	''),
(69,	76,	'Home',	'Type',	' Commercial ',	1,	''),
(70,	76,	'Home',	'Contents',	'couch',	1,	''),
(71,	76,	'Home',	'Additional Living',	'',	1,	''),
(72,	76,	'Home',	'Test1',	'A',	1,	''),
(73,	76,	'Home',	'Test2',	'A',	1,	''),
(74,	76,	'Home',	'Test3',	'A',	1,	''),
(75,	76,	'Auto',	'Make/Model',	'Test3',	1,	''),
(76,	76,	'Auto',	'Liability',	'25/50',	1,	''),
(77,	76,	'Auto',	'Uninsured Motorist',	'25/50',	1,	''),
(78,	76,	'Auto',	'Medical',	'A1',	1,	''),
(79,	76,	'Auto',	'Comprehensive/Collision',	'B1',	1,	''),
(80,	76,	'Auto',	'Roadside/Tow',	'Test1',	1,	''),
(81,	76,	'Auto',	'Make/Model',	'Test5',	1,	''),
(82,	76,	'Auto',	'Liability',	'50/100',	1,	''),
(83,	76,	'Auto',	'Uninsured Motorist',	'250/500',	1,	''),
(84,	76,	'Auto',	'Medical',	'A1',	1,	''),
(85,	76,	'Auto',	'Comprehensive/Collision',	'B1',	1,	''),
(86,	76,	'Auto',	'Roadside/Tow',	'Test1',	1,	''),
(87,	76,	'Home',	'Type',	' Commercial ',	1,	''),
(88,	76,	'Home',	'Contents',	' fridge',	1,	''),
(89,	76,	'Home',	'Additional Living',	'',	1,	''),
(90,	76,	'Home',	'Test1',	'A',	1,	''),
(91,	76,	'Home',	'Test2',	'A',	1,	''),
(92,	76,	'Home',	'Test3',	'A',	1,	''),
(93,	76,	'Life',	'Life 1',	'C',	1,	''),
(94,	76,	'Life',	'Life 3',	'L1',	1,	''),
(95,	76,	'Life',	'Life 1',	'B',	1,	''),
(96,	76,	'Life',	'Life 3',	'L1',	1,	''),
(97,	73,	'Auto',	'Make/Model',	'Test2',	1,	''),
(98,	73,	'Auto',	'Liability',	'25/50',	1,	''),
(99,	73,	'Auto',	'Uninsured Motorist',	'25/50',	1,	''),
(100,	73,	'Auto',	'Medical',	'A1',	1,	''),
(101,	73,	'Auto',	'Comprehensive/Collision',	'B1',	1,	''),
(102,	73,	'Auto',	'Roadside/Tow',	'Test1',	1,	''),
(103,	73,	'Home',	'Type',	' Commercial ',	1,	''),
(104,	73,	'Home',	'Contents',	'couch',	1,	''),
(105,	73,	'Home',	'Additional Living',	'',	1,	''),
(106,	73,	'Home',	'Test1',	'A',	1,	''),
(107,	73,	'Home',	'Test2',	'A',	1,	''),
(108,	73,	'Home',	'Test3',	'A',	1,	''),
(109,	72,	'Auto',	'Make/Model',	'Test3',	1,	''),
(110,	72,	'Auto',	'Liability',	'25/50',	1,	''),
(111,	72,	'Auto',	'Uninsured Motorist',	'25/50',	1,	''),
(112,	72,	'Auto',	'Medical',	'A1',	1,	''),
(113,	72,	'Auto',	'Comprehensive/Collision',	'B1',	1,	''),
(114,	72,	'Auto',	'Roadside/Tow',	'Test1',	1,	''),
(115,	72,	'Auto',	'Make/Model',	'Test3',	1,	''),
(116,	72,	'Auto',	'Liability',	'25/50',	1,	''),
(117,	72,	'Auto',	'Uninsured Motorist',	'50/100',	1,	''),
(118,	72,	'Auto',	'Medical',	'A1',	1,	''),
(119,	72,	'Auto',	'Comprehensive/Collision',	'B1',	1,	''),
(120,	72,	'Auto',	'Roadside/Tow',	'Test1',	1,	''),
(121,	75,	'Home',	'Type',	' Commercial ',	1,	''),
(122,	75,	'Home',	'Contents',	'couch',	1,	''),
(123,	75,	'Home',	'Additional Living',	'',	1,	''),
(124,	75,	'Home',	'Test1',	'A',	1,	''),
(125,	75,	'Home',	'Test2',	'A',	1,	''),
(126,	75,	'Home',	'Test3',	'A',	1,	''),
(127,	74,	'Auto',	'Make/Model',	'Test3',	1,	'Test3'),
(128,	74,	'Auto',	'Liability',	'25/50',	1,	'25/50'),
(129,	74,	'Auto',	'Uninsured Motorist',	'25/50',	1,	'25/50'),
(130,	74,	'Auto',	'Medical',	'A1',	1,	'A1'),
(131,	74,	'Auto',	'Comprehensive/Collision',	'B1',	1,	'B1'),
(132,	74,	'Auto',	'Roadside/Tow',	'Test1',	1,	'Test1'),
(133,	74,	'Home',	'Type',	' Commercial ',	1,	' Commercial '),
(134,	74,	'Home',	'Contents',	'couch',	1,	'couch'),
(135,	74,	'Home',	'Additional Living',	'',	1,	''),
(136,	74,	'Home',	'Test1',	'A',	1,	'A'),
(137,	74,	'Home',	'Test2',	'A',	1,	'A'),
(138,	74,	'Home',	'Test3',	'A',	1,	'A'),
(139,	74,	'Life',	'Life 1',	'C',	1,	''),
(140,	74,	'Life',	'Life 3',	'L1',	1,	''),
(141,	70,	'Auto',	'Make/Model',	'Test1',	1,	''),
(142,	70,	'Auto',	'Liability',	'50/100',	1,	''),
(143,	70,	'Auto',	'Uninsured Motorist',	'25/50',	1,	''),
(144,	70,	'Auto',	'Medical',	'A1',	1,	''),
(145,	70,	'Auto',	'Comprehensive/Collision',	'B1',	1,	''),
(146,	70,	'Auto',	'Roadside/Tow',	'Test1',	1,	''),
(147,	69,	'Auto',	'Make/Model',	'Test2',	1,	''),
(148,	69,	'Auto',	'Liability',	'40/80',	1,	''),
(149,	69,	'Auto',	'Uninsured Motorist',	'25/50',	1,	''),
(150,	69,	'Auto',	'Medical',	'A1',	1,	''),
(151,	69,	'Auto',	'Comprehensive/Collision',	'B1',	1,	''),
(152,	69,	'Auto',	'Roadside/Tow',	'Test1',	1,	''),
(153,	69,	'Home',	'Type',	'Residential',	1,	''),
(154,	69,	'Home',	'Contents',	' fridge',	1,	''),
(155,	69,	'Home',	'Additional Living',	'',	1,	''),
(156,	69,	'Home',	'Test1',	'A',	1,	''),
(157,	69,	'Home',	'Test2',	'A',	1,	''),
(158,	69,	'Home',	'Test3',	'A',	1,	''),
(159,	69,	'Auto',	'Make/Model',	'Test5',	1,	''),
(160,	69,	'Auto',	'Liability',	'25/50',	1,	''),
(161,	69,	'Auto',	'Uninsured Motorist',	'25/50',	1,	''),
(162,	69,	'Auto',	'Medical',	'A1',	1,	''),
(163,	69,	'Auto',	'Comprehensive/Collision',	'B1',	1,	''),
(164,	69,	'Auto',	'Roadside/Tow',	'Test1',	1,	''),
(165,	69,	'Auto',	'Make/Model',	'Test3',	1,	''),
(166,	69,	'Auto',	'Liability',	'25/50',	1,	''),
(167,	69,	'Auto',	'Uninsured Motorist',	'25/50',	1,	''),
(168,	69,	'Auto',	'Medical',	'A1',	1,	''),
(169,	69,	'Auto',	'Comprehensive/Collision',	'B1',	1,	''),
(170,	69,	'Auto',	'Roadside/Tow',	'Test1',	1,	''),
(171,	69,	'Auto',	'Make/Model',	'Test1',	1,	''),
(172,	69,	'Auto',	'Liability',	'25/50',	1,	''),
(173,	69,	'Auto',	'Uninsured Motorist',	'25/50',	1,	''),
(174,	69,	'Auto',	'Medical',	'A1',	1,	''),
(175,	69,	'Auto',	'Comprehensive/Collision',	'B1',	1,	''),
(176,	69,	'Auto',	'Roadside/Tow',	'Test1',	1,	''),
(177,	77,	'Auto',	'Make/Model',	'Test2',	1,	''),
(178,	77,	'Auto',	'Liability',	'50/100',	1,	''),
(179,	77,	'Auto',	'Uninsured Motorist',	'25/50',	1,	''),
(180,	77,	'Auto',	'Medical',	'A1',	1,	''),
(181,	77,	'Auto',	'Comprehensive/Collision',	'B1',	1,	''),
(182,	77,	'Auto',	'Roadside/Tow',	'Test1',	1,	''),
(183,	77,	'Home',	'Type',	'Residential',	1,	''),
(184,	77,	'Home',	'Contents',	' fridge',	1,	''),
(185,	77,	'Home',	'Additional Living',	'',	1,	''),
(186,	77,	'Home',	'Test1',	'A',	1,	''),
(187,	77,	'Home',	'Test2',	'A',	1,	''),
(188,	77,	'Home',	'Test3',	'A',	1,	''),
(189,	77,	'Life',	'Life 1',	'B',	1,	''),
(190,	77,	'Life',	'Life 3',	'L2',	1,	''),
(191,	77,	'Life',	'Life 1',	'D',	1,	''),
(192,	77,	'Life',	'Life 3',	'L1',	1,	''),
(193,	76,	'Life',	'Life 1',	'B',	1,	''),
(194,	76,	'Life',	'Life 3',	'L1',	1,	''),
(195,	78,	'Auto',	'Make/Model',	'Test2',	1,	'Test2'),
(196,	78,	'Auto',	'Liability',	'25/50',	1,	'25/50'),
(197,	78,	'Auto',	'Uninsured Motorist',	'25/50',	1,	'25/50'),
(198,	78,	'Auto',	'Medical',	'A1',	1,	'A1'),
(199,	78,	'Auto',	'Comprehensive/Collision',	'B1',	1,	'B1'),
(200,	78,	'Auto',	'Roadside/Tow',	'Test1',	1,	'Test1'),
(201,	78,	'Home',	'Type',	' Commercial ',	1,	''),
(202,	78,	'Home',	'Separate Structures',	' barn',	1,	''),
(203,	78,	'Home',	'Contents',	'couch',	1,	''),
(204,	78,	'Home',	'Additional Living',	'',	1,	''),
(205,	78,	'Home',	'Test1',	'C',	1,	''),
(206,	78,	'Home',	'Test2',	'A',	1,	''),
(207,	78,	'Home',	'Test3',	'A',	1,	''),
(208,	79,	'Auto',	'Make/Model',	'Test2',	1,	'Toyota Corolla'),
(209,	79,	'Auto',	'Liability',	'25/50',	1,	'25/50'),
(210,	79,	'Auto',	'Uninsured Motorist',	'25/50',	1,	'25/50'),
(211,	79,	'Auto',	'Medical',	'A1',	1,	'A1'),
(212,	79,	'Auto',	'Comprehensive/Collision',	'B1',	1,	'B1'),
(213,	79,	'Auto',	'Roadside/Tow',	'Test1',	1,	'Test1'),
(214,	79,	'Home',	'Type',	'Residential',	1,	'Residential'),
(215,	79,	'Home',	'Separate Structures',	' barn',	1,	' barn'),
(216,	79,	'Home',	'Contents',	'couch',	1,	'couch'),
(217,	79,	'Home',	'Additional Living',	'',	1,	'Im not sure'),
(218,	79,	'Home',	'Test1',	'A',	1,	'A'),
(219,	79,	'Home',	'Test2',	'A',	1,	'A'),
(220,	79,	'Home',	'Test3',	'A',	1,	'A'),
(221,	80,	'Auto',	'Make/Model',	'Test2',	1,	'Test2'),
(222,	80,	'Auto',	'Liability',	'100/300',	1,	'100/300'),
(223,	80,	'Auto',	'Uninsured Motorist',	'40/80',	1,	'40/80'),
(224,	80,	'Auto',	'Medical',	'A4',	1,	'A4'),
(225,	80,	'Auto',	'Comprehensive/Collision',	'B4',	1,	'B4'),
(226,	80,	'Auto',	'Roadside/Tow',	'Test2',	1,	'Test2'),
(227,	80,	'Auto',	'Make/Model',	'Test2',	1,	''),
(228,	80,	'Auto',	'Liability',	'250/50',	1,	''),
(229,	80,	'Auto',	'Uninsured Motorist',	'250/500',	1,	''),
(230,	80,	'Auto',	'Medical',	'A5',	1,	''),
(231,	80,	'Auto',	'Comprehensive/Collision',	'B4',	1,	''),
(232,	80,	'Auto',	'Roadside/Tow',	'Test2',	1,	''),
(233,	80,	'Home',	'Type',	'Residential',	1,	'Residential'),
(234,	80,	'Home',	'Separate Structures',	'out house',	1,	'out house'),
(235,	80,	'Home',	'Contents',	' fridge',	1,	' fridge'),
(236,	80,	'Home',	'Additional Living',	'',	1,	''),
(237,	80,	'Home',	'Test1',	'C',	1,	'C'),
(238,	80,	'Home',	'Test2',	'C',	1,	'C'),
(239,	80,	'Home',	'Test3',	'A',	1,	'A'),
(240,	80,	'Auto',	'Liability',	'100/300',	1,	''),
(241,	80,	'Auto',	'Uninsured Motorist',	'25/50',	1,	''),
(242,	80,	'Auto',	'Medical',	'A1',	1,	''),
(243,	80,	'Auto',	'Comprehensive/Collision',	'B1',	1,	''),
(244,	80,	'Auto',	'Roadside/Tow',	'Test1',	1,	''),
(245,	80,	'Auto',	'Year',	'null',	1,	'null'),
(246,	80,	'Auto',	'Make',	'null',	1,	'null'),
(247,	80,	'Auto',	'Model',	'null',	1,	'null'),
(248,	79,	'Auto',	'Liability',	'25/50',	1,	''),
(249,	79,	'Auto',	'Uninsured Motorist',	'25/50',	1,	''),
(250,	79,	'Auto',	'Medical',	'A1',	1,	''),
(251,	79,	'Auto',	'Comprehensive/Collision',	'B1',	1,	''),
(252,	79,	'Auto',	'Roadside/Tow',	'Test1',	1,	''),
(253,	79,	'Auto',	'Year',	'2014',	1,	''),
(254,	79,	'Auto',	'Make',	'',	1,	''),
(255,	79,	'Auto',	'Model',	'',	1,	''),
(256,	79,	'Auto',	'Liability',	'25/50',	1,	''),
(257,	79,	'Auto',	'Uninsured Motorist',	'25/50',	1,	''),
(258,	79,	'Auto',	'Medical',	'A1',	1,	''),
(259,	79,	'Auto',	'Comprehensive/Collision',	'B1',	1,	''),
(260,	79,	'Auto',	'Roadside/Tow',	'Test1',	1,	''),
(261,	79,	'Auto',	'Year',	'2014',	1,	''),
(262,	79,	'Auto',	'Make',	'bmw',	1,	''),
(263,	79,	'Auto',	'Model',	'',	1,	''),
(264,	74,	'Auto',	'Liability',	'25/50',	1,	''),
(265,	74,	'Auto',	'Uninsured Motorist',	'25/50',	1,	''),
(266,	74,	'Auto',	'Medical',	'A1',	1,	''),
(267,	74,	'Auto',	'Comprehensive/Collision',	'B1',	1,	''),
(268,	74,	'Auto',	'Roadside/Tow',	'Test1',	1,	''),
(269,	74,	'Auto',	'Year',	'2004',	1,	''),
(270,	74,	'Auto',	'Make',	'',	1,	''),
(271,	74,	'Auto',	'Model',	'',	1,	''),
(272,	80,	'Auto',	'Liability',	'25/50',	1,	''),
(273,	80,	'Auto',	'Uninsured Motorist',	'25/50',	1,	''),
(274,	80,	'Auto',	'Medical',	'A1',	1,	''),
(275,	80,	'Auto',	'Comprehensive/Collision',	'B1',	1,	''),
(276,	80,	'Auto',	'Roadside/Tow',	'Test1',	1,	''),
(277,	80,	'Auto',	'Year',	'2017',	1,	''),
(278,	80,	'Auto',	'Make',	'',	1,	''),
(279,	80,	'Auto',	'Model',	'',	1,	''),
(280,	80,	'Auto',	'Liability',	'25/50',	1,	''),
(281,	80,	'Auto',	'Uninsured Motorist',	'25/50',	1,	''),
(282,	80,	'Auto',	'Medical',	'A1',	1,	''),
(283,	80,	'Auto',	'Comprehensive/Collision',	'B1',	1,	''),
(284,	80,	'Auto',	'Roadside/Tow',	'Test1',	1,	''),
(285,	80,	'Auto',	'Year',	'2015',	1,	''),
(286,	80,	'Auto',	'Make',	'',	1,	''),
(287,	80,	'Auto',	'Model',	'',	1,	''),
(288,	81,	'Auto',	'Year',	'null',	11,	''),
(289,	81,	'Auto',	'Make',	'null',	11,	''),
(290,	81,	'Auto',	'Model',	'null',	11,	''),
(291,	81,	'Auto',	'Liability',	'Yes',	11,	''),
(292,	81,	'Auto',	'Uninsured Motorist',	'Yes',	11,	''),
(293,	81,	'Auto',	'Medical',	'null',	11,	''),
(294,	81,	'Auto',	'Comp/Collision',	'null',	11,	''),
(295,	81,	'Auto',	'Roadside/Tow',	'null',	11,	''),
(296,	85,	'Auto',	'Year',	'null',	15,	''),
(297,	85,	'Auto',	'Make',	'null',	15,	''),
(298,	85,	'Auto',	'Model',	'null',	15,	''),
(299,	85,	'Auto',	'Liability',	'50/100',	15,	''),
(300,	85,	'Auto',	'Uninsured Motorist',	'50/100',	15,	''),
(301,	88,	'Auto',	'Year',	'null',	11,	''),
(302,	88,	'Auto',	'Make',	'null',	11,	''),
(303,	88,	'Auto',	'Model',	'null',	11,	''),
(304,	88,	'Auto',	'Liability',	'Yes',	11,	''),
(305,	88,	'Auto',	'Uninsured Motorist',	'Yes',	11,	''),
(306,	88,	'Auto',	'Medical',	'null',	11,	''),
(307,	88,	'Auto',	'Comp/Collision',	'null',	11,	''),
(308,	88,	'Auto',	'Roadside/Tow',	'null',	11,	''),
(309,	89,	'Auto',	'Year',	'null',	13,	'null'),
(310,	89,	'Auto',	'Make',	'null',	13,	'null'),
(311,	89,	'Auto',	'Model',	'null',	13,	'null'),
(312,	89,	'Auto',	'Liability',	'$10000/$20000',	13,	'$10000/$20000'),
(313,	89,	'Auto',	'Uninsured Motorist',	'$20000',	13,	'$20000'),
(314,	89,	'Auto',	'Medical',	'$25000',	13,	'$25000'),
(315,	89,	'Auto',	'Comp/Collision',	'$10000',	13,	'$10000'),
(316,	89,	'Auto',	'Roadside/Tow',	'Yes',	13,	'Yes'),
(317,	89,	'Other',	'Umbrella',	'$500000',	13,	'$500000'),
(318,	89,	'Life',	'Permanent ',	'$1000000',	13,	'$1000000'),
(319,	89,	'Life',	'Term',	'None',	13,	'None'),
(320,	92,	'Auto',	'Year',	'null',	13,	''),
(321,	92,	'Auto',	'Make',	'null',	13,	''),
(322,	92,	'Auto',	'Model',	'null',	13,	''),
(323,	92,	'Auto',	'Liability',	'$10000/$20000',	13,	''),
(324,	92,	'Auto',	'Uninsured Motorist',	'$10000',	13,	''),
(325,	92,	'Auto',	'Medical',	'None',	13,	''),
(326,	92,	'Auto',	'Comp/Collision',	'$10000',	13,	''),
(327,	92,	'Auto',	'Roadside/Tow',	'Yes',	13,	''),
(328,	122,	'Auto',	'Year',	'null',	13,	''),
(329,	122,	'Auto',	'Make',	'null',	13,	''),
(330,	122,	'Auto',	'Model',	'null',	13,	''),
(331,	122,	'Auto',	'Liability',	'$10000/$20000',	13,	''),
(332,	122,	'Auto',	'Uninsured Motorist',	'$30000',	13,	''),
(333,	122,	'Auto',	'Medical',	'$15000',	13,	''),
(334,	122,	'Auto',	'Comp/Collision',	'$10000',	13,	''),
(335,	122,	'Auto',	'Roadside/Tow',	'Yes',	13,	''),
(336,	122,	'Life',	'Permanent ',	'$500000',	13,	''),
(337,	122,	'Life',	'Term',	'None',	13,	''),
(338,	121,	'Auto',	'Year',	'null',	13,	''),
(339,	121,	'Auto',	'Make',	'null',	13,	''),
(340,	121,	'Auto',	'Model',	'null',	13,	''),
(341,	121,	'Auto',	'Liability',	'$100000/$300000',	13,	''),
(342,	121,	'Auto',	'Uninsured Motorist',	'$30000',	13,	''),
(343,	121,	'Auto',	'Medical',	'$25000',	13,	''),
(344,	121,	'Auto',	'Comp/Collision',	'$25000',	13,	''),
(345,	121,	'Auto',	'Roadside/Tow',	'Yes',	13,	'');

DROP TABLE IF EXISTS `tbl_customer`;
CREATE TABLE `tbl_customer` (
  `id` int(11) NOT NULL AUTO_INCREMENT,
  `primary_firstname` varchar(45) NOT NULL,
  `primary_lastname` varchar(45) NOT NULL,
  `primary_telno` varchar(75) DEFAULT NULL,
  `primary_cellphone` varchar(75) DEFAULT NULL,
  `primary_alt_telno` varchar(75) DEFAULT NULL,
  `primary_address` varchar(255) DEFAULT NULL,
  `primary_email` varchar(75) DEFAULT NULL,
  `primary_emergency_contact` varchar(45) DEFAULT NULL,
  `secondary_firstname` varchar(45) DEFAULT NULL,
  `secondary_lastname` varchar(45) DEFAULT NULL,
  `secondary_telno` varchar(75) DEFAULT NULL,
  `secondary_cellphone` varchar(75) DEFAULT NULL,
  `secondary_alt_telno` varchar(75) DEFAULT NULL,
  `secondary_address` varchar(255) DEFAULT NULL,
  `secondary_email` varchar(75) DEFAULT NULL,
  `secondary_emergency_contact` varchar(45) DEFAULT NULL,
  `created_at` timestamp NOT NULL DEFAULT CURRENT_TIMESTAMP ON UPDATE CURRENT_TIMESTAMP,
  `updated_at` timestamp NULL DEFAULT NULL,
  `account_id` int(11) NOT NULL,
  PRIMARY KEY (`id`)
) ENGINE=InnoDB DEFAULT CHARSET=latin1;

INSERT INTO `tbl_customer` (`id`, `primary_firstname`, `primary_lastname`, `primary_telno`, `primary_cellphone`, `primary_alt_telno`, `primary_address`, `primary_email`, `primary_emergency_contact`, `secondary_firstname`, `secondary_lastname`, `secondary_telno`, `secondary_cellphone`, `secondary_alt_telno`, `secondary_address`, `secondary_email`, `secondary_emergency_contact`, `created_at`, `updated_at`, `account_id`) VALUES
(2,	'Jim',	'Campbell',	'(702)-683-8487',	'',	'',	NULL,	'carter.buck@engagex.com',	'',	'Jim',	'fredett',	'(801)-821-8191',	'',	'',	NULL,	'fake@none.com',	'',	'2017-07-27 11:55:30',	'2017-09-12 13:03:22',	1),
(58,	'Tom',	'Jones',	'4356377168',	'8018456877',	'',	NULL,	'campbell10@gmail.com',	'Brooke Campbell',	'Brooke',	'Campbell',	'4356377168',	'8018456877',	'',	NULL,	'campbellsoupfosix@yahoo.com',	'Jim Campbell',	'2017-07-28 13:35:11',	'2017-08-16 20:04:36',	1),
(61,	'Bart',	'Simpson',	'(559)-285-0111',	'',	'',	NULL,	'jim.campbell@engagex.com',	'',	'',	'',	'',	'',	'',	NULL,	'',	'',	'2017-07-28 15:34:12',	'2017-09-08 21:28:43',	1),
(62,	'Kenjie',	'Kumukura',	'(090)-572-1654',	'(090)-572-1654',	'(090)-572-1654',	NULL,	'jovenbarola@gmail.com',	'(090)-572-1654',	'Joven',	'Kumukura',	'(091)-561-3362',	'',	'',	NULL,	'carter.buck@engagex.com',	'',	'2017-07-29 12:38:10',	'2017-08-21 21:06:17',	1),
(66,	'Carter',	'Buck',	'(111)-222-2222',	'',	'',	NULL,	'jim.campbell@engagex.com',	'',	'',	'',	'',	'',	'',	NULL,	'',	'',	'2017-08-17 22:08:41',	'2017-08-21 21:21:50',	1),
(67,	'Steve',	'Bannon',	'(559)-285-0111',	'',	'',	NULL,	'jim.campbell@engagex.com',	'',	'Chris',	'Buck',	'(123)-456-7899',	'',	'',	NULL,	'jovenbarola@gmail.com',	'',	'2017-08-17 22:09:04',	'2017-09-06 13:57:38',	1),
(68,	'Joven',	'Barola',	'(090)-651-7522',	'',	'',	NULL,	'joven.barola@engagex.com',	'',	'Jim',	'Campbell',	'',	'',	'',	NULL,	'jim.campbell@engagex.com',	'',	'2017-08-21 21:14:46',	'2017-09-12 13:05:15',	1),
(69,	'Micheal',	'Bolton',	'(123)-456-7899',	'',	'',	NULL,	'jim.campbell@engagex.com',	'',	'Jim',	'Campbell',	'',	'',	'',	NULL,	'joven.barola@engagex.com',	'',	'2017-08-21 21:15:31',	'2017-08-31 23:12:41',	1),
(70,	'Mariah',	'Carey ',	'(123)-456-7899',	'',	'',	NULL,	'jim.campbell@engagex.com',	'',	'Jim Campbell',	'',	'(123)-456-7899',	'',	'',	NULL,	'joven.barola@engagex.com',	'',	'2017-08-21 21:15:52',	'2017-08-30 23:58:11',	1),
(71,	'Celine',	'Dion',	'(559)-285-0111',	'',	'',	NULL,	'jim.campbell@engagex.com',	'',	'',	'',	'',	'',	'',	NULL,	'',	'',	'2017-08-21 21:16:00',	'2017-08-28 17:33:04',	1),
(72,	'Regine',	'Velasquez',	'(801)-822-0261',	'',	'',	NULL,	'nathan.leathers@engagex.com',	'',	'Joven',	'Barola',	'',	'',	'',	NULL,	'',	'mom bear',	'2017-08-21 21:17:58',	'2017-09-10 10:44:41',	1),
(73,	'Janno',	'Gibbs',	'(559)-285-0111',	'',	'',	NULL,	'jim.campbell@engagex.com',	'Janno',	'Joven',	'Barola',	'(012)-334-5678',	'',	'',	NULL,	'joven.barola@engagex.com',	'Ligaya',	'2017-08-21 21:18:17',	'2017-09-08 16:46:24',	1),
(74,	'Lani',	'Misalucha',	'(801)-822-0261',	'',	'',	NULL,	'jim.campbell@engagex.com',	'',	'',	'',	'',	'',	'',	NULL,	'',	'',	'2017-08-21 21:18:28',	'2017-09-10 10:44:51',	1),
(76,	'Stephen',	'Curry',	'(559)-285-0111',	'(111)-111-1111',	'(222)-222-2222',	NULL,	'jim.campbell@engagex.com',	'Joven Barola',	'Claudia',	'Coronel',	'(088)-080-8980',	'(111)-111-1111',	'(222)-222-2222',	NULL,	'joven.barola@engagex.com',	'(797)-989-7897',	'2017-08-21 21:19:05',	'2017-09-05 23:21:02',	1),
(77,	'Ben',	'Albarida',	'(123)-456-7899',	'',	'',	NULL,	'jovenbarola@gmail.com',	'Ligaya Barola',	'Jim',	'Campbell',	'(123)-456-7899',	'(123)-456-7899',	'(123)-456-7899',	NULL,	'jim.campbell@engagex.com',	'',	'2017-09-01 19:12:15',	'2017-09-08 21:24:49',	1),
(78,	'Wayde',	'Johnson',	'(123)-456-7899',	'(123)-456-7899',	'(123)-456-7899',	NULL,	'jovenbarola@gmail.com',	'Meriam Johnson',	'Claudia',	'Johnson',	'(888)-888-8888',	'(888)-888-8888',	'',	NULL,	'joven.barola@engagex.com',	'',	'2017-09-08 21:29:08',	'2017-09-11 14:59:38',	1),
(79,	'Joven',	'Albarida Barola',	'(123)-345-6789',	'(111)-111-1111',	'(111)-111-1111',	NULL,	'joven.barola@engagex.com',	'Ligaya Barola',	'Meriam',	'Homo',	'',	'',	'',	NULL,	'',	'Joven Barola',	'2017-09-10 10:58:45',	'2017-09-20 20:19:10',	1),
(80,	'Kettle',	'Corn',	'(742)-358-7156',	'',	'',	NULL,	'joven.barola@engagex.com',	'Test Contact',	'Roen',	'Kimbal',	'(123)-456-7899',	'(123)-456-7899',	'(123)-456-7899',	NULL,	'jim.campbell@engagex.com',	'Test contact name',	'2017-09-12 22:32:39',	'2017-09-22 17:59:52',	1),
(81,	'Joven',	'Barola',	'(111)-111-1111',	'',	'',	NULL,	'joven.barola@engagex.com',	'',	'',	'',	'',	'',	'',	NULL,	'',	'',	'2017-09-20 22:57:02',	'2017-09-22 09:36:47',	11),
(82,	'Joe',	'Mama',	'(555)-555-5555',	'',	'',	NULL,	'joe@mama.com',	'',	'',	'',	'',	'',	'',	NULL,	'',	'',	'2017-09-21 14:24:58',	'2017-09-21 14:32:58',	15),
(83,	'Matt',	'Marziale',	NULL,	NULL,	NULL,	NULL,	NULL,	NULL,	NULL,	NULL,	NULL,	NULL,	NULL,	NULL,	NULL,	NULL,	'2017-09-21 15:47:44',	NULL,	14),
(84,	'Mitch',	'Harperr',	'(801)-900-1203',	'',	'',	NULL,	'nathan.leathers.engagex@gmail.com',	'',	'Jenni',	'Mullencamp',	'',	'',	'',	NULL,	'',	'',	'2017-09-21 15:47:44',	'2017-09-21 16:29:46',	16),
(85,	'Mitch',	'Hill',	'(509)-855-3945',	'(425)-308-8886',	'',	NULL,	'mitchell_hill@live.com',	'',	'',	'',	'',	'',	'',	NULL,	'',	'',	'2017-09-21 15:48:13',	'2017-09-21 15:53:52',	15),
(86,	'Chris ',	'Kilpatrick',	NULL,	NULL,	NULL,	NULL,	NULL,	NULL,	NULL,	NULL,	NULL,	NULL,	NULL,	NULL,	NULL,	NULL,	'2017-09-21 15:48:33',	NULL,	14),
(87,	'Bryce',	'Kilssoslekie',	NULL,	NULL,	NULL,	NULL,	NULL,	NULL,	NULL,	NULL,	NULL,	NULL,	NULL,	NULL,	NULL,	NULL,	'2017-09-21 15:48:53',	NULL,	16),
(88,	'Jim',	'Campbell',	'(123)-456-7899',	'',	'',	NULL,	'jim.campbell@engagex.com',	'',	'',	'',	'',	'',	'',	NULL,	'',	'',	'2017-09-22 09:34:54',	'2017-09-22 09:35:24',	11),
(89,	'Joe',	'Salazar',	'(555)-821-8191',	'(555)-233-4511',	'',	NULL,	'carter.buck@engagex.com',	'Samantha Salazar',	'Samantha',	'Salazar',	'(555)-243-2825',	'(555)-400-9292',	'',	NULL,	'carterbuck@hotmail.com',	'Joe Salazar',	'2017-09-22 20:20:00',	'2017-09-23 14:16:57',	13),
(92,	'Caroline',	'Rose',	'(555)-243-2825',	'(555)-683-8487',	'',	NULL,	'carter.buck@engagex.com',	'Maya Stewart',	'',	'',	'',	'',	'',	NULL,	'',	'',	'2017-09-24 01:40:46',	'2017-09-24 01:43:07',	13),
(93,	'Bradley',	'Snodgrass',	NULL,	NULL,	NULL,	NULL,	NULL,	NULL,	NULL,	NULL,	NULL,	NULL,	NULL,	NULL,	NULL,	NULL,	'2017-09-24 01:45:21',	NULL,	13),
(95,	'Brian',	'Hesler',	NULL,	NULL,	NULL,	NULL,	NULL,	NULL,	NULL,	NULL,	NULL,	NULL,	NULL,	NULL,	NULL,	NULL,	'2017-09-24 04:10:20',	NULL,	13),
(97,	'Tucker',	'Zahn',	NULL,	NULL,	NULL,	NULL,	NULL,	NULL,	NULL,	NULL,	NULL,	NULL,	NULL,	NULL,	NULL,	NULL,	'2017-09-24 04:11:37',	NULL,	13),
(98,	'Andrew',	'Harbaugh',	NULL,	NULL,	NULL,	NULL,	NULL,	NULL,	NULL,	NULL,	NULL,	NULL,	NULL,	NULL,	NULL,	NULL,	'2017-09-24 04:12:29',	NULL,	13),
(99,	'Amber',	'Silvia',	NULL,	NULL,	NULL,	NULL,	NULL,	NULL,	NULL,	NULL,	NULL,	NULL,	NULL,	NULL,	NULL,	NULL,	'2017-09-24 04:12:55',	NULL,	13),
(100,	'Stacey',	'Sinclair',	NULL,	NULL,	NULL,	NULL,	NULL,	NULL,	NULL,	NULL,	NULL,	NULL,	NULL,	NULL,	NULL,	NULL,	'2017-09-24 04:13:42',	NULL,	13),
(101,	'Robert',	'Pasley',	NULL,	NULL,	NULL,	NULL,	NULL,	NULL,	NULL,	NULL,	NULL,	NULL,	NULL,	NULL,	NULL,	NULL,	'2017-09-24 04:13:52',	NULL,	13),
(102,	'Sandy',	'Toledo',	NULL,	NULL,	NULL,	NULL,	NULL,	NULL,	NULL,	NULL,	NULL,	NULL,	NULL,	NULL,	NULL,	NULL,	'2017-09-24 04:14:08',	NULL,	13),
(103,	'David',	'Archer',	NULL,	NULL,	NULL,	NULL,	NULL,	NULL,	NULL,	NULL,	NULL,	NULL,	NULL,	NULL,	NULL,	NULL,	'2017-09-24 04:14:28',	NULL,	13),
(104,	'Whitney',	'Slayback',	NULL,	NULL,	NULL,	NULL,	NULL,	NULL,	NULL,	NULL,	NULL,	NULL,	NULL,	NULL,	NULL,	NULL,	'2017-09-24 04:14:41',	NULL,	13),
(105,	'Peter',	'Latimer',	NULL,	NULL,	NULL,	NULL,	NULL,	NULL,	NULL,	NULL,	NULL,	NULL,	NULL,	NULL,	NULL,	NULL,	'2017-09-24 04:15:19',	NULL,	13),
(106,	'Lindsay',	'Crandall',	NULL,	NULL,	NULL,	NULL,	NULL,	NULL,	NULL,	NULL,	NULL,	NULL,	NULL,	NULL,	NULL,	NULL,	'2017-09-24 04:16:43',	NULL,	13),
(107,	'Tim',	'Shubert',	NULL,	NULL,	NULL,	NULL,	NULL,	NULL,	NULL,	NULL,	NULL,	NULL,	NULL,	NULL,	NULL,	NULL,	'2017-09-24 04:17:52',	NULL,	13),
(108,	'Mindy',	'Grassley',	NULL,	NULL,	NULL,	NULL,	NULL,	NULL,	NULL,	NULL,	NULL,	NULL,	NULL,	NULL,	NULL,	NULL,	'2017-09-24 04:18:16',	NULL,	13),
(109,	'Nancy',	'Pope',	NULL,	NULL,	NULL,	NULL,	NULL,	NULL,	NULL,	NULL,	NULL,	NULL,	NULL,	NULL,	NULL,	NULL,	'2017-09-24 04:18:44',	NULL,	13),
(110,	'Tiffany',	'Ostler',	NULL,	NULL,	NULL,	NULL,	NULL,	NULL,	NULL,	NULL,	NULL,	NULL,	NULL,	NULL,	NULL,	NULL,	'2017-09-24 04:19:13',	NULL,	13),
(111,	'John',	'Estes',	NULL,	NULL,	NULL,	NULL,	NULL,	NULL,	NULL,	NULL,	NULL,	NULL,	NULL,	NULL,	NULL,	NULL,	'2017-09-24 04:21:06',	NULL,	13),
(112,	'Marie',	'Caballero',	NULL,	NULL,	NULL,	NULL,	NULL,	NULL,	NULL,	NULL,	NULL,	NULL,	NULL,	NULL,	NULL,	NULL,	'2017-09-24 04:21:28',	NULL,	13),
(113,	'Ella',	'Gallenberg',	NULL,	NULL,	NULL,	NULL,	NULL,	NULL,	NULL,	NULL,	NULL,	NULL,	NULL,	NULL,	NULL,	NULL,	'2017-09-24 04:23:31',	NULL,	13),
(114,	'Teresa',	'Child',	NULL,	NULL,	NULL,	NULL,	NULL,	NULL,	NULL,	NULL,	NULL,	NULL,	NULL,	NULL,	NULL,	NULL,	'2017-09-24 04:25:58',	NULL,	13),
(115,	'Sarah',	'Coleman',	NULL,	NULL,	NULL,	NULL,	NULL,	NULL,	NULL,	NULL,	NULL,	NULL,	NULL,	NULL,	NULL,	NULL,	'2017-09-24 04:26:21',	NULL,	13),
(116,	'Ben',	'Stansbury',	NULL,	NULL,	NULL,	NULL,	NULL,	NULL,	NULL,	NULL,	NULL,	NULL,	NULL,	NULL,	NULL,	NULL,	'2017-09-25 14:24:03',	NULL,	13),
(117,	'Ali',	'Brooks',	NULL,	NULL,	NULL,	NULL,	NULL,	NULL,	NULL,	NULL,	NULL,	NULL,	NULL,	NULL,	NULL,	NULL,	'2017-09-25 14:24:16',	NULL,	13),
(118,	'Frank',	'Bennett',	NULL,	NULL,	NULL,	NULL,	NULL,	NULL,	NULL,	NULL,	NULL,	NULL,	NULL,	NULL,	NULL,	NULL,	'2017-09-25 14:24:55',	NULL,	13),
(119,	'Shirley',	'Fenway',	NULL,	NULL,	NULL,	NULL,	NULL,	NULL,	NULL,	NULL,	NULL,	NULL,	NULL,	NULL,	NULL,	NULL,	'2017-09-25 14:25:10',	NULL,	13),
(120,	'Jocelyn',	'McKade',	NULL,	NULL,	NULL,	NULL,	NULL,	NULL,	NULL,	NULL,	NULL,	NULL,	NULL,	NULL,	NULL,	NULL,	'2017-09-25 14:25:56',	NULL,	13),
(121,	'Nathan',	'Stevenson',	'(555)-683-8487',	'(555)-243-2825',	'',	NULL,	'carter.buck@engagex.com',	'',	'',	'',	'',	'',	'',	NULL,	'',	'',	'2017-09-25 14:27:08',	'2017-09-25 19:48:59',	13),
(122,	'Don',	'Templeton',	'(555)-683-8487',	'(555)-243-2825',	'',	NULL,	'carter.buck@engagex.com',	'Martha Templeton',	'Martha',	'Templeton',	'(555)-683-8487',	'(555)-243-2825',	'',	NULL,	'carterbuck@hotmail.com',	'Don Templeton',	'2017-09-25 14:27:54',	'2017-09-25 19:51:43',	13);

DROP TABLE IF EXISTS `tbl_dependent`;
CREATE TABLE `tbl_dependent` (
  `id` int(11) NOT NULL AUTO_INCREMENT,
  `customer_id` int(11) NOT NULL,
  `dependent_name` varchar(45) DEFAULT NULL,
  `dependent_age` varchar(45) DEFAULT NULL COMMENT 'Ages is in the range of 0-100  (this includes Baby, Kids, Adults)',
  `account_id` int(11) NOT NULL,
  PRIMARY KEY (`id`)
) ENGINE=InnoDB DEFAULT CHARSET=latin1;

INSERT INTO `tbl_dependent` (`id`, `customer_id`, `dependent_name`, `dependent_age`, `account_id`) VALUES
(4,	2,	'Mary Smith',	'8',	1),
(5,	2,	'Henry VIII',	'13',	1),
(6,	61,	'Marge',	'10',	1),
(7,	61,	'Baby',	'2',	1),
(9,	62,	'Dependent 1',	'11',	1),
(10,	62,	'Dependent 2',	'10',	1),
(11,	62,	'Dependent 3',	'10',	1),
(12,	58,	'Emma Clair',	'16',	1),
(13,	58,	'Caitlin Nicole',	'14',	1),
(14,	58,	'Grant Jackson',	'13',	1),
(15,	58,	'Capri Madison',	'9',	1),
(16,	58,	'Lincoln Chamberlin',	'10',	1),
(17,	2,	'',	'10',	1),
(20,	67,	'John Smith',	'12',	1),
(21,	66,	'maryanne smith',	'10',	1),
(22,	67,	'Rosell Smith',	'10',	1),
(26,	72,	'Dependent 1',	'10',	1),
(27,	72,	'Dependent 2',	'10',	1),
(28,	72,	'Dependent 3',	'10',	1),
(29,	72,	'Dependent 4',	'12',	1),
(30,	76,	'Emma Clair',	'16',	1),
(31,	76,	'Caitlin Nicole',	'15',	1),
(32,	76,	'Grant Jackson',	'13',	1),
(33,	76,	'Capri Madison',	'9',	1),
(34,	76,	'Lincoln Chamberlin',	'4',	1),
(35,	75,	'Emma Clair',	'16',	1),
(36,	75,	'test',	'10',	1),
(37,	75,	'test',	'10',	1),
(38,	70,	'Mary Smith',	'10',	1),
(39,	70,	'john doe',	'10',	1),
(42,	69,	'Mary Smith',	'10',	1),
(45,	76,	'No More Kids',	'10',	1),
(47,	73,	'Dependent 1',	'10',	1),
(48,	73,	'Dependent 2',	'10',	1),
(49,	73,	'Dependent 3',	'10',	1),
(50,	70,	'No more',	'10',	1),
(51,	69,	'Dependent 1',	'10',	1),
(52,	77,	'Dependent 1',	'11',	1),
(53,	77,	'Dependent 2',	'9',	1),
(54,	77,	'Dependent 3',	'8',	1),
(55,	78,	'Kenjie Johnson',	'4',	1),
(56,	78,	'Kaylie Johnson',	'3',	1),
(57,	78,	'Kobie Johnson',	'2',	1),
(58,	78,	'No more dependents',	'8',	1),
(59,	74,	'Dependent 1',	'10',	1),
(60,	74,	'Dependent 2',	'10',	1),
(61,	79,	'Kenjie',	'4',	1),
(62,	79,	'Kaylie',	'3',	1),
(63,	79,	'Kobie',	'1',	1),
(64,	79,	'Dependent 1',	'10',	1),
(65,	80,	'Oscar',	'4',	1),
(66,	80,	'No more dependents',	'10',	1),
(67,	81,	'joven',	'10',	11),
(68,	82,	'Tommy Mama',	'10',	15),
(69,	85,	'Tommy Hill',	'10',	15),
(70,	84,	'jolienea',	'10',	16),
(71,	84,	'Ralf',	'13',	16),
(72,	84,	'Tiffany',	'1',	16),
(73,	88,	'dependent1',	'10',	11),
(74,	88,	'dependent2',	'10',	11),
(75,	89,	'Katrina Salazar',	'10',	13),
(76,	89,	'Jonathan Salazar',	'7',	13),
(77,	89,	'Julia Salazar',	'4',	13),
(78,	89,	'Scott Salazar',	'1',	13),
(79,	122,	'Steven Templeton',	'15',	13),
(80,	121,	'Beck Stevenson',	'17',	13);

DROP TABLE IF EXISTS `tbl_education`;
CREATE TABLE `tbl_education` (
  `id` int(11) NOT NULL AUTO_INCREMENT,
  `customer_id` int(11) NOT NULL,
  `policy_parent_label` varchar(45) DEFAULT NULL,
  `policy_child_label` varchar(45) DEFAULT NULL,
  `policy_child_selected` varchar(45) DEFAULT NULL,
  `account_id` int(11) NOT NULL,
  PRIMARY KEY (`id`)
) ENGINE=InnoDB DEFAULT CHARSET=latin1;

INSERT INTO `tbl_education` (`id`, `customer_id`, `policy_parent_label`, `policy_child_label`, `policy_child_selected`, `account_id`) VALUES
(30,	76,	'Home',	'Type',	'Type',	1),
(31,	76,	'Home',	'Contents',	'Contents',	1),
(32,	76,	'Home',	'Test1',	'Test1',	1),
(33,	76,	'Life',	'Life 1',	'Life 1',	1),
(34,	76,	'Life',	'Life 3',	'Life 3',	1),
(39,	76,	'Auto',	'Liability',	'Liability',	1),
(40,	76,	'Auto',	'Uninsured Motorist',	'Uninsured Motorist',	1),
(41,	76,	'Auto',	'Medical',	'Medical',	1),
(58,	77,	'Auto',	'Make/Model',	'Make/Model',	1),
(59,	77,	'Auto',	'Liability',	'Liability',	1),
(60,	77,	'Auto',	'Roadside/Tow',	'Roadside/Tow',	1),
(61,	77,	'Home',	'Contents',	'Contents',	1),
(62,	77,	'Home',	'Additional Living',	'Additional Living',	1),
(63,	77,	'Home',	'Test1',	'Test1',	1),
(64,	77,	'Life',	'Life 1',	'Life 1',	1),
(65,	77,	'Life',	'Life 3',	'Life 3',	1),
(66,	74,	'Auto',	'Uninsured Motorist',	'Uninsured Motorist',	1),
(67,	74,	'Auto',	'Medical',	'Medical',	1),
(68,	74,	'Auto',	'Comprehensive/Collision',	'Comprehensive/Collision',	1),
(69,	74,	'Home',	'Type',	'Type',	1),
(70,	74,	'Home',	'Separate Structures',	'Separate Structures',	1),
(75,	79,	'Home',	'Type',	'Type',	1),
(76,	79,	'Home',	'Additional Living',	'Additional Living',	1),
(77,	68,	'Auto',	'Make/Model',	'Make/Model',	1),
(78,	68,	'Auto',	'Liability',	'Liability',	1),
(79,	68,	'Auto',	'Uninsured Motorist',	'Uninsured Motorist',	1),
(80,	68,	'Auto',	'Medical',	'Medical',	1),
(81,	68,	'Auto',	'Comprehensive/Collision',	'Comprehensive/Collision',	1),
(82,	68,	'Auto',	'Roadside/Tow',	'Roadside/Tow',	1),
(160,	79,	'Auto',	'Medical',	'Medical',	1),
(161,	84,	'Auto',	'Liability',	'Liability',	16),
(162,	84,	'Auto',	'Uninsured Motorist',	'Uninsured Motorist',	16),
(163,	84,	'Home',	' Coverage',	' Coverage',	16),
(164,	84,	'Home',	'Sep Structures',	'Sep Structures',	16),
(165,	84,	'Home',	'Contents',	'Contents',	16),
(166,	84,	'Home',	'Additional Living',	'Additional Living',	16),
(167,	84,	'Home',	'Liability',	'Liability',	16),
(168,	84,	'Home',	'Guest Med',	'Guest Med',	16),
(169,	84,	'Other',	'Pet',	'Pet',	16),
(170,	84,	'Other',	'Troy\'s cake',	'Troy\'s cake',	16),
(193,	80,	'Auto',	'Liability',	'Liability',	1),
(194,	80,	'Auto',	'Uninsured Motorist',	'Uninsured Motorist',	1),
(195,	80,	'Auto',	'Medical',	'Medical',	1),
(196,	80,	'Auto',	'Comprehensive/Collision',	'Comprehensive/Collision',	1),
(197,	80,	'Auto',	'Roadside/Tow',	'Roadside/Tow',	1),
(198,	80,	'Home',	'Type',	'Type',	1),
(199,	80,	'Home',	'Separate Structures',	'Separate Structures',	1),
(200,	80,	'Home',	'Contents',	'Contents',	1),
(201,	80,	'Home',	'Additional Living',	'Additional Living',	1),
(202,	80,	'Home',	'Test1',	'Test1',	1),
(203,	80,	'Home',	'Test2',	'Test2',	1),
(204,	80,	'Home',	'Test3',	'Test3',	1),
(209,	89,	'Other',	'Umbrella',	'Umbrella',	13),
(210,	89,	'Auto',	'Year',	'Year',	13),
(211,	89,	'Auto',	'Make',	'Make',	13),
(212,	89,	'Auto',	'Model',	'Model',	13),
(213,	89,	'Auto',	'Liability',	'Liability',	13),
(214,	89,	'Auto',	'Uninsured Motorist',	'Uninsured Motorist',	13),
(215,	89,	'Auto',	'Medical',	'Medical',	13),
(216,	89,	'Auto',	'Comp/Collision',	'Comp/Collision',	13),
(217,	89,	'Auto',	'Roadside/Tow',	'Roadside/Tow',	13),
(218,	89,	'Life',	'Permanent ',	'Permanent ',	13),
(219,	89,	'Life',	'Term',	'Term',	13);

DROP TABLE IF EXISTS `tbl_feedback`;
CREATE TABLE `tbl_feedback` (
  `id` int(11) NOT NULL AUTO_INCREMENT,
  `page_url` text NOT NULL COMMENT 'URL they have concern about',
  `reporter_name` varchar(45) NOT NULL COMMENT 'Required',
  `reporter_email` varchar(255) NOT NULL COMMENT 'Optional',
  `message` text NOT NULL COMMENT 'Feedback message by the users',
  `status` varchar(45) NOT NULL DEFAULT 'Open' COMMENT 'Status of the reported feedback',
  `created_at` timestamp NULL DEFAULT NULL,
  `updated_at` timestamp NULL DEFAULT NULL,
  `account_id` int(11) NOT NULL,
  PRIMARY KEY (`id`)
) ENGINE=InnoDB DEFAULT CHARSET=latin1;

INSERT INTO `tbl_feedback` (`id`, `page_url`, `reporter_name`, `reporter_email`, `message`, `status`, `created_at`, `updated_at`, `account_id`) VALUES
(1,	'https://tools.agencythriveprogram.com/site/index',	'jim.campbell@engagex.com',	'jim.campbell@engagex.com',	'This is looking good ',	'Open',	'2017-07-28 12:41:30',	NULL,	1),
(2,	'https://tools.agencythriveprogram.com/site/index',	'jim.campbell@engagex.com',	'jim.campbell@engagex.com',	'This is looking good ',	'Open',	'2017-07-28 12:41:30',	NULL,	1),
(3,	'https://tools.agencythriveprogram.com/account/setup',	'jim.campbell@engagex.com',	'jim.campbell@engagex.com',	'Test',	'Open',	'2017-07-31 14:41:30',	NULL,	1),
(4,	'http://tools.agencythriveprogram.com/account/action_item',	'jim.campbell@engagex.com',	'jim.campbell@engagex.com',	'I would like a Big Mac',	'Open',	'2017-08-28 16:26:28',	NULL,	1),
(5,	'http://tools.agencythriveprogram.com/account/action_item',	'jim.campbell@engagex.com',	'jim.campbell@engagex.com',	'test',	'Open',	'2017-09-12 17:30:18',	NULL,	1),
(6,	'http://tools.agencythriveprogram.com',	'jim.campbell@engagex.com',	'jim.campbell@engagex.com',	'test',	'Open',	'0000-00-00 00:00:00',	NULL,	1);

DROP TABLE IF EXISTS `tbl_goals_concern`;
CREATE TABLE `tbl_goals_concern` (
  `id` int(11) NOT NULL AUTO_INCREMENT,
  `customer_id` int(11) NOT NULL,
  `ci_review_guid` varchar(255) DEFAULT NULL,
  `action_type` varchar(45) DEFAULT NULL COMMENT 'This only save "Goal" and "Concern"',
  `action_description` varchar(255) DEFAULT NULL,
  `account_id` int(11) NOT NULL,
  `cir_answer` varchar(45) NOT NULL,
  PRIMARY KEY (`id`)
) ENGINE=InnoDB DEFAULT CHARSET=latin1;

INSERT INTO `tbl_goals_concern` (`id`, `customer_id`, `ci_review_guid`, `action_type`, `action_description`, `account_id`, `cir_answer`) VALUES
(1,	76,	NULL,	'Concern',	'Im not happy with my house',	1,	''),
(2,	77,	NULL,	'Goal',	'Test1',	1,	''),
(3,	74,	NULL,	'Goal',	'Im your test',	1,	''),
(4,	74,	NULL,	'Concern',	'Im not happy but I am happy',	1,	''),
(5,	79,	NULL,	'Goal',	'Having fun in the next 20years',	1,	''),
(6,	79,	NULL,	'Concern',	'Another concern',	1,	''),
(7,	80,	NULL,	'Goal',	'Is getting married next month',	1,	''),
(8,	80,	NULL,	'Concern',	'What happens if my frig goes out?',	1,	'on'),
(9,	80,	NULL,	'Goal',	'Eat 10 candy bars a day',	1,	'');

DROP TABLE IF EXISTS `tbl_life_changes`;
CREATE TABLE `tbl_life_changes` (
  `id` int(11) NOT NULL AUTO_INCREMENT,
  `customer_id` int(11) NOT NULL,
  `assessment_guid` varchar(255) DEFAULT NULL,
  `life_question` varchar(45) DEFAULT NULL,
  `life_answer` varchar(45) DEFAULT NULL,
  `cir_answer` varchar(255) DEFAULT NULL,
  `account_id` int(11) NOT NULL,
  PRIMARY KEY (`id`)
) ENGINE=InnoDB DEFAULT CHARSET=latin1;

INSERT INTO `tbl_life_changes` (`id`, `customer_id`, `assessment_guid`, `life_question`, `life_answer`, `cir_answer`, `account_id`) VALUES
(6,	73,	'd2ddea18f00665ce8623e36bd4e3c7c5',	'New Driver',	'New Driver',	NULL,	1),
(7,	73,	'd2ddea18f00665ce8623e36bd4e3c7c5',	'Accident',	'Accident',	NULL,	1),
(8,	73,	'd2ddea18f00665ce8623e36bd4e3c7c5',	'Acquired Boat/ATV etc.',	'Acquired Boat/ATV etc.',	NULL,	1),
(9,	73,	'd2ddea18f00665ce8623e36bd4e3c7c5',	'Job Change',	'Job Change',	NULL,	1),
(10,	73,	'd2ddea18f00665ce8623e36bd4e3c7c5',	'Started Business',	'Started Business',	NULL,	1),
(11,	75,	'd09bf41544a3365a46c9077ebb5e35c3',	'New Driver',	'New Driver',	NULL,	1),
(12,	75,	'd09bf41544a3365a46c9077ebb5e35c3',	'Accident',	'Accident',	NULL,	1),
(13,	75,	'd09bf41544a3365a46c9077ebb5e35c3',	'Acquired Boat/ATV etc.',	'Acquired Boat/ATV etc.',	NULL,	1),
(14,	70,	'7cbbc409ec990f19c78c75bd1e06f215',	'Birth/Adoption',	'Birth/Adoption',	NULL,	1),
(15,	70,	'7cbbc409ec990f19c78c75bd1e06f215',	'Home Purchase/Sale',	'Home Purchase/Sale',	NULL,	1),
(16,	70,	'7cbbc409ec990f19c78c75bd1e06f215',	'Acquired Boat/ATV etc.',	'Acquired Boat/ATV etc.',	NULL,	1),
(21,	77,	'28dd2c7955ce926456240b2ff0100bde',	'Job Change',	'Job Change',	NULL,	1),
(22,	77,	'28dd2c7955ce926456240b2ff0100bde',	'Started Business',	'Started Business',	NULL,	1),
(29,	78,	'35f4a8d465e6e1edc05f3d8ab658c551',	'Move',	'Move',	'Move, Retired, Started Business, ',	1),
(30,	78,	'35f4a8d465e6e1edc05f3d8ab658c551',	'Retired',	'Retired',	'Move, Retired, Started Business, ',	1),
(31,	78,	'35f4a8d465e6e1edc05f3d8ab658c551',	'Started Business',	'Started Business',	'Move, Retired, Started Business, ',	1),
(32,	79,	'd1fe173d08e959397adf34b1d77e88d7',	'Home Purchase/Sale',	'Home Purchase/Sale',	'Home Purchase/Sale, Started Business, ',	1),
(33,	79,	'd1fe173d08e959397adf34b1d77e88d7',	'Started Business',	'Started Business',	'Home Purchase/Sale, Started Business, ',	1),
(34,	80,	'f033ab37c30201f73f142449d037028d',	'New Driver',	'New Driver',	'New Driver, Accident, Acquired Boat/ATV etc., Job Change, ',	1),
(35,	80,	'f033ab37c30201f73f142449d037028d',	'Accident',	'Accident',	'New Driver, Accident, Acquired Boat/ATV etc., Job Change, ',	1),
(36,	80,	'f033ab37c30201f73f142449d037028d',	'Acquired Boat/ATV etc.',	'Acquired Boat/ATV etc.',	'New Driver, Accident, Acquired Boat/ATV etc., Job Change, ',	1),
(37,	80,	'f033ab37c30201f73f142449d037028d',	'Job Change',	'Job Change',	'New Driver, Accident, Acquired Boat/ATV etc., Job Change, ',	1),
(38,	81,	'43ec517d68b6edd3015b3edc9a11367b',	'Birth/Adoption',	'Birth/Adoption',	NULL,	11),
(39,	81,	'43ec517d68b6edd3015b3edc9a11367b',	'Home Purchase/Sale',	'Home Purchase/Sale',	NULL,	11),
(40,	84,	'68d30a9594728bc39aa24be94b319d21',	'Birth/Adoption',	'Birth/Adoption',	'Birth/Adoption, New Driver, Acquired Boat/ATV etc., ',	16),
(41,	84,	'68d30a9594728bc39aa24be94b319d21',	'New Driver',	'New Driver',	'Birth/Adoption, New Driver, Acquired Boat/ATV etc., ',	16),
(42,	84,	'68d30a9594728bc39aa24be94b319d21',	'Acquired Boat/ATV etc.',	'Acquired Boat/ATV etc.',	'Birth/Adoption, New Driver, Acquired Boat/ATV etc., ',	16),
(43,	89,	'7647966b7343c29048673252e490f736',	'Birth/Adoption',	'Birth/Adoption',	'Birth/Adoption, Purchase/Sold Vehicle, ',	13),
(44,	89,	'7647966b7343c29048673252e490f736',	'Purchase/Sold Vehicle',	'Purchase/Sold Vehicle',	'Birth/Adoption, Purchase/Sold Vehicle, ',	13);

DROP TABLE IF EXISTS `tbl_long_term_goals`;
CREATE TABLE `tbl_long_term_goals` (
  `id` int(11) NOT NULL AUTO_INCREMENT,
  `customer_id` int(11) NOT NULL,
  `assessment_guid` varchar(255) DEFAULT NULL,
  `first_goal` text,
  `second_goal` text,
  `account_id` int(11) NOT NULL,
  `cir_answer` varchar(45) NOT NULL,
  PRIMARY KEY (`id`)
) ENGINE=InnoDB DEFAULT CHARSET=latin1;

INSERT INTO `tbl_long_term_goals` (`id`, `customer_id`, `assessment_guid`, `first_goal`, `second_goal`, `account_id`, `cir_answer`) VALUES
(4,	73,	'd2ddea18f00665ce8623e36bd4e3c7c5',	'Want to get all cars insured',	'Like to buy more cars',	1,	''),
(5,	75,	'd09bf41544a3365a46c9077ebb5e35c3',	' want to buy a plane',	'health insurance for my cat',	1,	''),
(6,	74,	'ad61ab143223efbc24c7d2583be69251',	'',	'',	1,	''),
(7,	72,	'32bb90e8976aab5298d5da10fe66f21d',	'',	'',	1,	''),
(8,	76,	NULL,	'',	'',	1,	''),
(9,	70,	'7cbbc409ec990f19c78c75bd1e06f215',	'This is my first long term goals',	'This is my second long term goals',	1,	''),
(13,	77,	'28dd2c7955ce926456240b2ff0100bde',	'Want to buy house two years from now',	'I want to discuss on how I should take care my financial status so that I can attain my long term goals\r\n',	1,	''),
(16,	78,	'35f4a8d465e6e1edc05f3d8ab658c551',	'This is goal number 1',	'This is my goal number 2',	1,	''),
(17,	79,	'd1fe173d08e959397adf34b1d77e88d7',	'Example Goal 1',	'Example Goal 2',	1,	''),
(18,	80,	'f033ab37c30201f73f142449d037028d',	'I want to buy the city of Manila',	'I want to buy the city of Makati',	1,	''),
(19,	81,	'43ec517d68b6edd3015b3edc9a11367b',	'test 1',	'test 2',	11,	''),
(20,	84,	'68d30a9594728bc39aa24be94b319d21',	'Want to buy a goat',	'replace my roof????',	16,	''),
(21,	89,	'7647966b7343c29048673252e490f736',	'We would like to start planning for college with the kids.',	'Can I get a copy of my current policies?  I\'d like to read through the fine print.',	13,	'');

DROP TABLE IF EXISTS `tbl_needs_assessment`;
CREATE TABLE `tbl_needs_assessment` (
  `id` int(11) NOT NULL AUTO_INCREMENT,
  `assessment_guid` varchar(255) DEFAULT NULL,
  `customer_id` int(11) NOT NULL,
  `assessment_submitted_to` varchar(255) DEFAULT NULL COMMENT 'Email address of NA receipient',
  `is_steps_completed` tinyint(4) DEFAULT NULL,
  `account_id` int(11) NOT NULL,
  PRIMARY KEY (`id`)
) ENGINE=InnoDB DEFAULT CHARSET=latin1;

INSERT INTO `tbl_needs_assessment` (`id`, `assessment_guid`, `customer_id`, `assessment_submitted_to`, `is_steps_completed`, `account_id`) VALUES
(2,	'd2ddea18f00665ce8623e36bd4e3c7c5',	73,	'jim.campbell@engagex.com',	1,	1),
(3,	'd09bf41544a3365a46c9077ebb5e35c3',	75,	'jim.campbell@engagex.com',	1,	1),
(4,	'ad61ab143223efbc24c7d2583be69251',	74,	'jim.campbell@engagex.com',	1,	1),
(5,	'32bb90e8976aab5298d5da10fe66f21d',	72,	'nathan.leathers@engagex.com',	1,	1),
(6,	NULL,	76,	'jim.campbell@engagex.com',	1,	1),
(7,	'7cbbc409ec990f19c78c75bd1e06f215',	70,	'jim.campbell@engagex.com',	1,	1),
(9,	'28dd2c7955ce926456240b2ff0100bde',	77,	'jovenbarola@gmail.com',	1,	1),
(12,	'35f4a8d465e6e1edc05f3d8ab658c551',	78,	'jovenbarola@gmail.com',	1,	1),
(13,	'd1fe173d08e959397adf34b1d77e88d7',	79,	'joven.barola@engagex.com',	1,	1),
(14,	'f033ab37c30201f73f142449d037028d',	80,	'joven.barola@engagex.com',	1,	1),
(15,	'43ec517d68b6edd3015b3edc9a11367b',	81,	'joven.barola@engagex.com',	1,	11),
(16,	'68d30a9594728bc39aa24be94b319d21',	84,	'nathan.leathers.engagex@gmail.com',	1,	16),
(17,	'7647966b7343c29048673252e490f736',	89,	'carter.buck@engagex.com',	1,	13);

DROP TABLE IF EXISTS `tbl_note`;
CREATE TABLE `tbl_note` (
  `id` int(11) NOT NULL AUTO_INCREMENT,
  `customer_id` int(11) NOT NULL,
  `page_url` varchar(255) DEFAULT NULL,
  `dom_element` varchar(145) NOT NULL,
  `msg_note` text,
  `created_at` timestamp NULL DEFAULT NULL,
  `account_id` int(11) NOT NULL,
  PRIMARY KEY (`id`)
) ENGINE=InnoDB DEFAULT CHARSET=latin1;

INSERT INTO `tbl_note` (`id`, `customer_id`, `page_url`, `dom_element`, `msg_note`, `created_at`, `account_id`) VALUES
(1,	62,	'http://tools.agencythriveprogram.com/agentprep/step_customer1?customer_id=62',	'.page-note',	'This is customer contact form for Primary',	'2017-08-17 04:00:00',	1),
(2,	62,	'http://tools.agencythriveprogram.com/agentprep/step_customer2',	'.page-note',	'You are in Secondary Contact Information',	'2017-08-17 04:00:00',	1),
(3,	62,	'http://tools.agencythriveprogram.com/agentprep/step_dependents',	'.page-note',	'You are in Dependents Form',	'2017-08-17 04:00:00',	1),
(4,	62,	'http://tools.agencythriveprogram.com/agentprep/step_appointment',	'.page-note',	'You are in Appointment Page',	'2017-08-17 04:00:00',	1),
(5,	62,	'http://tools.agencythriveprogram.com/agentprep/step_current_coverages',	'.page-note_Auto',	'This is auto section note',	'2017-08-17 04:00:00',	1),
(6,	62,	'http://tools.agencythriveprogram.com/agentprep/step_current_coverages',	'.page-note_Home',	'This is home section note',	'2017-08-17 04:00:00',	1),
(7,	66,	'https://tools.agencythriveprogram.com/agentprep/step_current_coverages',	'.page-note_Home',	'This is a test note test 1 2 3',	'2017-08-17 04:00:00',	1),
(8,	67,	'http://tools.agencythriveprogram.com/agentprep/step_dependents',	'.page-note',	'This is dependent page',	'2017-08-18 04:00:00',	1),
(9,	62,	'http://tools.agencythriveprogram.com/agentprep/step_current_coverages',	'.page-note_Life',	'',	'2017-08-21 04:00:00',	1),
(10,	72,	'http://tools.agencythriveprogram.com/agentprep/step_appointment',	'.page-note',	'This is appointment page',	'2017-08-21 04:00:00',	1),
(11,	74,	'http://tools.agencythriveprogram.com/agentprep/step_customer1?customer_id=74',	'.page-note',	'Yep, I like mushroom burgers',	'2017-08-22 04:00:00',	1),
(12,	76,	'http://tools.agencythriveprogram.com/agentprep/step_customer1?customer_id=76',	'.page-note',	'1st Customer  Section you can edit me in Agent Prep',	'2017-08-31 04:00:00',	1),
(13,	76,	'http://tools.agencythriveprogram.com/agentprep/step_customer2',	'.page-note',	'2nd Customer  Section you can edit me in Agent Prep',	'2017-08-31 04:00:00',	1),
(14,	76,	'http://tools.agencythriveprogram.com/agentprep/step_dependents',	'.page-note',	'Dependent  Section you can edit me in Agent Prep',	'2017-08-31 04:00:00',	1),
(15,	76,	'http://tools.agencythriveprogram.com/agentprep/step_current_coverages',	'.page-note_Home',	'I\'m Home Section you can edit me in Agent Prep > Current Coverages',	'2017-08-31 04:00:00',	1),
(16,	76,	'http://tools.agencythriveprogram.com/agentprep/step_current_coverages',	'.page-note_Auto',	'I\'m Auto section Section you can edit me in Agent Prep 9978567446545564',	'2017-08-31 04:00:00',	1),
(17,	69,	'http://tools.agencythriveprogram.com/agentprep/step_customer2',	'.page-note',	'Im notes here',	'2017-08-31 04:00:00',	1),
(18,	77,	'http://tools.agencythriveprogram.com/agentprep/step_current_coverages',	'.page-note_Auto',	'Auto Section Current Coverage Area',	'2017-09-01 04:00:00',	1),
(19,	77,	'http://tools.agencythriveprogram.com/agentprep/step_current_coverages',	'.page-note_Life',	'Life Section Current Coverage Area',	'2017-09-01 04:00:00',	1),
(20,	77,	'http://tools.agencythriveprogram.com/agentprep/step_appointment',	'.page-note',	'Appointment in Sept 4 Bday',	'2017-09-01 04:00:00',	1),
(21,	79,	'http://tools.agencythriveprogram.com/agentprep/step_dependents',	'.page-note',	'Dependents Page',	'2017-09-10 04:00:00',	1),
(22,	81,	'http://tools.agencythriveprogram.com/agentprep/step_dependents',	'.page-note',	'test sdsds ',	'2017-09-21 04:00:00',	11),
(23,	84,	'http://tools.agencythriveprogram.com/agentprep/step_customer2',	'.page-note',	'Need to find our name of new wife',	'2017-09-21 04:00:00',	16),
(24,	85,	'http://tools.agencythriveprogram.com/agentprep/step_current_coverages',	'.page-note_Auto',	'I would recommend increasing uninsured and medical coverage',	'2017-09-21 04:00:00',	15);

DROP TABLE IF EXISTS `tbl_policies_in_place`;
CREATE TABLE `tbl_policies_in_place` (
  `id` int(11) NOT NULL AUTO_INCREMENT,
  `customer_id` int(11) NOT NULL,
  `assessment_guid` varchar(255) DEFAULT NULL,
  `policy_parent_label` varchar(45) DEFAULT NULL,
  `policy_child_label` varchar(45) DEFAULT NULL,
  `policy_child_selected` varchar(145) DEFAULT NULL,
  `insurance_company` varchar(255) DEFAULT NULL,
  `account_id` int(11) NOT NULL,
  PRIMARY KEY (`id`)
) ENGINE=InnoDB DEFAULT CHARSET=latin1;

INSERT INTO `tbl_policies_in_place` (`id`, `customer_id`, `assessment_guid`, `policy_parent_label`, `policy_child_label`, `policy_child_selected`, `insurance_company`, `account_id`) VALUES
(1,	76,	NULL,	'Auto',	'Make/Model',	'Test2',	'Company 1',	1),
(2,	73,	'd2ddea18f00665ce8623e36bd4e3c7c5',	'Auto',	'Make/Model',	'Test1',	'Company 1',	1),
(4,	73,	'd2ddea18f00665ce8623e36bd4e3c7c5',	'Auto',	'Make/Model',	'Test1',	'Company 2',	1),
(5,	73,	'd2ddea18f00665ce8623e36bd4e3c7c5',	'Auto',	'Liability',	'50/100',	'Company 3',	1),
(6,	75,	'd09bf41544a3365a46c9077ebb5e35c3',	'Auto',	'Make/Model',	'Test1',	'Joe\'s insurance shack',	1),
(7,	72,	'32bb90e8976aab5298d5da10fe66f21d',	'Auto',	'Make/Model',	'Test3',	'Farmers',	1),
(8,	70,	'7cbbc409ec990f19c78c75bd1e06f215',	'Auto',	'Make/Model',	'Test1',	'Toyota Insurance',	1),
(9,	70,	'7cbbc409ec990f19c78c75bd1e06f215',	'Auto',	'Make/Model',	'Test2',	'Honda Insurance',	1),
(10,	70,	'7cbbc409ec990f19c78c75bd1e06f215',	'Home',	'Type',	'Residential',	'Home Depot Insurance',	1),
(11,	72,	NULL,	'Auto',	'Make/Model',	'Test2',	'State Farm',	1),
(12,	72,	NULL,	'Auto',	'Make/Model',	'Test1',	'Amfam',	1),
(13,	72,	NULL,	'Home',	'Type',	'Residential',	'amfam',	1),
(14,	72,	NULL,	'Life',	'Life 1',	'A',	'ny life',	1),
(15,	77,	'28dd2c7955ce926456240b2ff0100bde',	'Auto',	'Make/Model',	'Test3',	'Toyota Motors Insurance',	1),
(16,	77,	'28dd2c7955ce926456240b2ff0100bde',	'Auto',	'Make/Model',	'Test5',	'Luxury Motors Insurance',	1),
(17,	77,	'28dd2c7955ce926456240b2ff0100bde',	'Life',	'Life 1',	'A',	'Buhay Mahalaga Insurance',	1),
(18,	77,	'28dd2c7955ce926456240b2ff0100bde',	'Home',	'Type',	'Residential',	'Bahay Kaayusan',	1),
(19,	78,	'35f4a8d465e6e1edc05f3d8ab658c551',	'Auto',	'Make/Model',	'Test2',	'Insurance 1',	1),
(20,	78,	'35f4a8d465e6e1edc05f3d8ab658c551',	'Home',	'Type',	'Residential',	'Insurance 1',	1),
(21,	84,	'68d30a9594728bc39aa24be94b319d21',	'Auto',	'Year',	'null',	'Block Insurance',	16),
(22,	84,	'68d30a9594728bc39aa24be94b319d21',	'Home',	'Type',	'',	'Farmers',	16),
(23,	89,	'7647966b7343c29048673252e490f736',	'Home',	'Type',	'null',	'New York Life',	13);

DROP TABLE IF EXISTS `tbl_policy_line_question`;
CREATE TABLE `tbl_policy_line_question` (
  `id` int(11) NOT NULL AUTO_INCREMENT,
  `customer_id` int(11) NOT NULL,
  `assessment_guid` varchar(255) DEFAULT NULL,
  `policy_parent_label` varchar(45) DEFAULT NULL,
  `policy_child_label` varchar(45) DEFAULT NULL,
  `policy_child_selected` varchar(45) DEFAULT NULL,
  `cir_answer` varchar(45) DEFAULT NULL,
  `account_id` int(11) NOT NULL,
  PRIMARY KEY (`id`)
) ENGINE=InnoDB DEFAULT CHARSET=latin1;

INSERT INTO `tbl_policy_line_question` (`id`, `customer_id`, `assessment_guid`, `policy_parent_label`, `policy_child_label`, `policy_child_selected`, `cir_answer`, `account_id`) VALUES
(1,	73,	NULL,	'Auto',	'Auto',	'No',	NULL,	1),
(2,	75,	NULL,	'Auto',	'Auto',	'Yes',	NULL,	1),
(3,	72,	NULL,	'Auto',	'Auto',	'Yes',	NULL,	1),
(4,	70,	NULL,	'Auto',	'Auto',	'Yes',	NULL,	1),
(5,	70,	NULL,	'Home',	'Home',	'Yes',	NULL,	1),
(6,	70,	NULL,	'Life',	'Life',	'Not Sure',	NULL,	1),
(7,	77,	NULL,	'Auto',	'Auto',	'Yes',	NULL,	1),
(8,	77,	NULL,	'Home',	'Home',	'Yes',	NULL,	1),
(9,	77,	NULL,	'Life',	'Life',	'Yes',	NULL,	1),
(10,	78,	NULL,	'Auto',	'Auto',	'No',	'No',	1),
(11,	78,	NULL,	'Home',	'Home',	'No',	NULL,	1),
(12,	78,	NULL,	'Life',	'Life',	'No',	NULL,	1),
(13,	79,	NULL,	'Auto',	'Auto',	'Yes',	'Yes',	1),
(14,	79,	NULL,	'Home',	'Home',	'Yes',	'Yes',	1),
(15,	80,	NULL,	'Auto',	'Auto',	'Yes',	'Yes',	1),
(16,	80,	NULL,	'Home',	'Home',	'Not Sure',	'Not Sure',	1),
(17,	81,	NULL,	'Auto',	'Auto',	'Yes',	NULL,	11),
(18,	81,	NULL,	'Home',	'Home',	'Yes',	NULL,	11),
(19,	81,	NULL,	'Personal_Liability',	'Personal_Liability',	'Yes',	NULL,	11),
(20,	81,	NULL,	'Disability',	'Disability',	'Yes',	NULL,	11),
(21,	84,	NULL,	'Auto',	'Auto',	'Yes',	'Yes',	16),
(22,	84,	NULL,	'Home',	'Home',	'No',	'No',	16),
(23,	84,	NULL,	'Life',	'Life',	'Yes',	'Yes',	16),
(24,	84,	NULL,	'Other',	'Other',	'Yes',	'Yes',	16),
(25,	89,	NULL,	'Auto',	'Auto',	'Not Sure',	'Not Sure',	13),
(26,	89,	NULL,	'Life',	'Life',	'Yes',	'Yes',	13);

DROP TABLE IF EXISTS `tbl_referral`;
CREATE TABLE `tbl_referral` (
  `id` int(11) NOT NULL AUTO_INCREMENT,
  `refer_name` varchar(145) DEFAULT NULL,
  `refer_email` varchar(145) DEFAULT NULL,
  `refer_phone` varchar(145) DEFAULT NULL,
  `refer_note` varchar(245) DEFAULT NULL,
  `account_id` int(11) DEFAULT NULL,
  `customer_id` int(11) DEFAULT NULL,
  PRIMARY KEY (`id`)
) ENGINE=InnoDB DEFAULT CHARSET=latin1;

INSERT INTO `tbl_referral` (`id`, `refer_name`, `refer_email`, `refer_phone`, `refer_note`, `account_id`, `customer_id`) VALUES
(1,	'Regine',	'Miller',	'',	'I forgot to note',	1,	74),
(2,	'Lorna',	'Tolentino',	'(916)-872-3687',	'',	1,	74),
(4,	'Jim Campbell',	'jim.campbell@engagex.com',	'(123)-456-7899',	'This my boss',	1,	79),
(5,	'Joven Albarida',	'jovenbarola@gmail.com',	'',	'',	1,	79),
(7,	'Josh Groban',	'josh@none.com',	'(234)-567-8696',	'Test',	1,	80),
(8,	'Rike',	'rike@gmas.com',	'(322)-342-3422',	'Two',	1,	80),
(9,	'Julie Becker',	'jbecker@555.com',	'(555)-555-5555',	'Julie is Samantha\'s best friend. She just moved to town.',	13,	89);

DROP TABLE IF EXISTS `tbl_reporting`;
CREATE TABLE `tbl_reporting` (
  `id` int(11) NOT NULL AUTO_INCREMENT,
  `report_name` varchar(45) DEFAULT NULL,
  `data1` text,
  `data2` text,
  `data3` text,
  `data4` text,
  PRIMARY KEY (`id`)
) ENGINE=InnoDB DEFAULT CHARSET=latin1;

INSERT INTO `tbl_reporting` (`id`, `report_name`, `data1`, `data2`, `data3`, `data4`) VALUES
(49,	'action_item',	'<tr style=\"background-color: #045aa5;color:white;\"><td>Column1</td><td>Column2</td><td>Column3</td><td>Column4</td><td>Column5</td><td>Column6</td><td>Column7</td><td>Column8</td><td>Column9</td><td>Column10</td><td>Column11</td><td>Column12</td></tr>',	'<tr><td>Row0</td><td>Row0</td><td>Row0</td><td>Row0</td><td>Row0</td><td>Row0</td><td>Row0</td><td>Row0</td><td>Row0</td><td>Row0</td><td>Row0</td><td>Row0</td></tr><tr><td>Row1</td><td>Row1</td><td>Row1</td><td>Row1</td><td>Row1</td><td>Row1</td><td>Row1</td><td>Row1</td><td>Row1</td><td>Row1</td><td>Row1</td><td>Row1</td></tr><tr><td>Row2</td><td>Row2</td><td>Row2</td><td>Row2</td><td>Row2</td><td>Row2</td><td>Row2</td><td>Row2</td><td>Row2</td><td>Row2</td><td>Row2</td><td>Row2</td></tr><tr><td>Row3</td><td>Row3</td><td>Row3</td><td>Row3</td><td>Row3</td><td>Row3</td><td>Row3</td><td>Row3</td><td>Row3</td><td>Row3</td><td>Row3</td><td>Row3</td></tr><tr><td>Row4</td><td>Row4</td><td>Row4</td><td>Row4</td><td>Row4</td><td>Row4</td><td>Row4</td><td>Row4</td><td>Row4</td><td>Row4</td><td>Row4</td><td>Row4</td></tr><tr><td>Row5</td><td>Row5</td><td>Row5</td><td>Row5</td><td>Row5</td><td>Row5</td><td>Row5</td><td>Row5</td><td>Row5</td><td>Row5</td><td>Row5</td><td>Row5</td></tr><tr><td>Row6</td><td>Row6</td><td>Row6</td><td>Row6</td><td>Row6</td><td>Row6</td><td>Row6</td><td>Row6</td><td>Row6</td><td>Row6</td><td>Row6</td><td>Row6</td></tr><tr><td>Row7</td><td>Row7</td><td>Row7</td><td>Row7</td><td>Row7</td><td>Row7</td><td>Row7</td><td>Row7</td><td>Row7</td><td>Row7</td><td>Row7</td><td>Row7</td></tr><tr><td>Row8</td><td>Row8</td><td>Row8</td><td>Row8</td><td>Row8</td><td>Row8</td><td>Row8</td><td>Row8</td><td>Row8</td><td>Row8</td><td>Row8</td><td>Row8</td></tr><tr><td>Row9</td><td>Row9</td><td>Row9</td><td>Row9</td><td>Row9</td><td>Row9</td><td>Row9</td><td>Row9</td><td>Row9</td><td>Row9</td><td>Row9</td><td>Row9</td></tr><tr><td>Row10</td><td>Row10</td><td>Row10</td><td>Row10</td><td>Row10</td><td>Row10</td><td>Row10</td><td>Row10</td><td>Row10</td><td>Row10</td><td>Row10</td><td>Row10</td></tr>',	'',	NULL);

DROP TABLE IF EXISTS `tbl_top_concerns`;
CREATE TABLE `tbl_top_concerns` (
  `id` int(11) NOT NULL AUTO_INCREMENT,
  `customer_id` int(11) NOT NULL,
  `assessment_guid` varchar(255) DEFAULT NULL,
  `concern_question` varchar(45) DEFAULT NULL,
  `concern_answer` varchar(45) DEFAULT NULL,
  `account_id` int(11) NOT NULL,
  `cir_answer` varchar(255) NOT NULL,
  PRIMARY KEY (`id`)
) ENGINE=InnoDB DEFAULT CHARSET=latin1;

INSERT INTO `tbl_top_concerns` (`id`, `customer_id`, `assessment_guid`, `concern_question`, `concern_answer`, `account_id`, `cir_answer`) VALUES
(4,	73,	'd2ddea18f00665ce8623e36bd4e3c7c5',	'Retirement Planning',	'Retirement Planning',	1,	''),
(5,	73,	'd2ddea18f00665ce8623e36bd4e3c7c5',	'Savings',	'Savings',	1,	''),
(6,	73,	'd2ddea18f00665ce8623e36bd4e3c7c5',	'Long-Term Care',	'Long-Term Care',	1,	''),
(7,	75,	'd09bf41544a3365a46c9077ebb5e35c3',	'Retirement Planning',	'Retirement Planning',	1,	''),
(8,	75,	'd09bf41544a3365a46c9077ebb5e35c3',	'Protecting Your Home',	'Protecting Your Home',	1,	''),
(9,	75,	'd09bf41544a3365a46c9077ebb5e35c3',	'Reducing Debt',	'Reducing Debt',	1,	''),
(19,	70,	NULL,	'Retirement Planning',	'Retirement Planning',	1,	''),
(20,	70,	NULL,	'Critical Illness',	'Critical Illness',	1,	''),
(21,	70,	NULL,	'Long-Term Care',	'Long-Term Care',	1,	''),
(22,	72,	NULL,	'Retirement Planning',	'Retirement Planning',	1,	''),
(23,	72,	NULL,	'Savings',	'Savings',	1,	''),
(24,	72,	NULL,	'Critical Illness',	'Critical Illness',	1,	''),
(34,	77,	'28dd2c7955ce926456240b2ff0100bde',	'Protecting Vehicles',	'Protecting Vehicles',	1,	''),
(35,	77,	'28dd2c7955ce926456240b2ff0100bde',	'Savings',	'Savings',	1,	''),
(36,	77,	'28dd2c7955ce926456240b2ff0100bde',	'Long-Term Care',	'Long-Term Care',	1,	''),
(43,	78,	'35f4a8d465e6e1edc05f3d8ab658c551',	'Retirement Planning',	'Retirement Planning',	1,	'Retirement Planning, Protecting Vehicles, Protecting Your Home, '),
(44,	78,	'35f4a8d465e6e1edc05f3d8ab658c551',	'Protecting Vehicles',	'Protecting Vehicles',	1,	'Retirement Planning, Protecting Vehicles, Protecting Your Home, '),
(45,	78,	'35f4a8d465e6e1edc05f3d8ab658c551',	'Protecting Your Home',	'Protecting Your Home',	1,	'Retirement Planning, Protecting Vehicles, Protecting Your Home, '),
(46,	79,	'd1fe173d08e959397adf34b1d77e88d7',	'Protecting Vehicles',	'Protecting Vehicles',	1,	'on'),
(47,	79,	'd1fe173d08e959397adf34b1d77e88d7',	'Savings',	'Savings',	1,	'on'),
(48,	79,	'd1fe173d08e959397adf34b1d77e88d7',	'Protecting Your Home',	'Protecting Your Home',	1,	'on'),
(49,	80,	'f033ab37c30201f73f142449d037028d',	'Protecting Vehicles',	'Protecting Vehicles',	1,	'on'),
(50,	80,	'f033ab37c30201f73f142449d037028d',	'Protecting Your Home',	'Protecting Your Home',	1,	'on'),
(51,	84,	'68d30a9594728bc39aa24be94b319d21',	'Savings',	'Savings',	16,	'on'),
(52,	84,	'68d30a9594728bc39aa24be94b319d21',	'Critical Illness',	'Critical Illness',	16,	'on'),
(53,	84,	'68d30a9594728bc39aa24be94b319d21',	'Life Insurance',	'Life Insurance',	16,	'on'),
(54,	89,	'7647966b7343c29048673252e490f736',	'Retirement Planning',	'Retirement Planning',	13,	'on'),
(55,	89,	'7647966b7343c29048673252e490f736',	'Reducing Debt',	'Reducing Debt',	13,	'on'),
(56,	89,	'7647966b7343c29048673252e490f736',	'Asset Protection',	'Asset Protection',	13,	'on');

DROP TABLE IF EXISTS `tbl_user`;
CREATE TABLE `tbl_user` (
  `id` int(11) NOT NULL AUTO_INCREMENT,
  `username` varchar(128) NOT NULL,
  `password` varchar(128) NOT NULL,
  `email` varchar(128) NOT NULL,
  `roles` varchar(45) NOT NULL,
  `account_id` int(11) NOT NULL,
  PRIMARY KEY (`id`)
) ENGINE=InnoDB DEFAULT CHARSET=latin1;

INSERT INTO `tbl_user` (`id`, `username`, `password`, `email`, `roles`, `account_id`) VALUES
(2,	'jim.campbell@engagex.com',	'6816647019a8c6fc894258b1a74b692b',	'jim.campbell@engagex.com',	'admin',	1),
(3,	'joven.barola@engagex.com',	'914bafe46a39ad5f7b7f96045c645450',	'joven.barola@engagex.com',	'admin',	5),
(4,	'jovenbarola@gmail.com',	'c92144f2bfc3a21cccf369fbc744a473',	'jovenbarola@gmail.com',	'admin',	3),
(5,	'barolajoven@gmail.com',	'c92144f2bfc3a21cccf369fbc744a473',	'barolajoven@gmail.com',	'admin',	11),
(6,	'joven.barola@engagex.com',	'c92144f2bfc3a21cccf369fbc744a473',	'joven.barola@engagex.com',	'admin',	5),
(7,	'barolajoven@gmail.com',	'c92144f2bfc3a21cccf369fbc744a473',	'barolajoven@gmail.com',	'admin',	11),
(12,	'campbell10@gmail.com',	'784348b8d7b533405ce193c3c493de44',	'campbell10@gmail.com',	'admin',	7),
(13,	'nathan.leathers.engagex@gmail.com',	'5ebd2c4e782da47bfc85d6c3bf52e60a',	'nathan.leathers.engagex@gmail.com',	'admin',	8),
(14,	'jim.campbell+1@engagex.com',	'c92144f2bfc3a21cccf369fbc744a473',	'jim.campbell+1@engagex.com',	'admin',	0),
(15,	'joven.barola+1@engagex.com',	'c92144f2bfc3a21cccf369fbc744a473',	'joven.barola+1@engagex.com',	'admin',	0),
(16,	'barolajoven@gmail.com',	'c92144f2bfc3a21cccf369fbc744a473',	'barolajoven@gmail.com',	'admin',	11),
(17,	'nathan.leather@engagex.com',	'c92144f2bfc3a21cccf369fbc744a473',	'nathan.leather@engagex.com',	'admin',	12),
(18,	'carter.buck@engagex.com',	'c92144f2bfc3a21cccf369fbc744a473',	'carter.buck@engagex.com',	'admin',	13),
(19,	'troy.kunz@engagex.com',	'c92144f2bfc3a21cccf369fbc744a473',	'troy.kunz@engagex.com',	'admin',	14),
(20,	'mitch.hill@engagex.com',	'900ee6ff6e7aeac9b9fb291d1822e38d',	'mitch.hill@engagex.com',	'admin',	15),
(21,	'themightyhunter@yahoo.com',	'5ebd2c4e782da47bfc85d6c3bf52e60a',	'themightyhunter@yahoo.com',	'admin',	16);

-- 2017-09-26 09:35:34